data_iniSE,SE,casos_est,casos_est_min,casos_est_max,casos,p_rt1,p_inc100k,Localidade_id,nivel,id,versao_modelo,tweet,Rt,pop,tempmin,umidmax,receptivo,transmissao,nivel_inc,notif_accum_year
2020-02-09,202007,73.0,73,73,73,0.365165,1.12328,0,2,330455720200718681,2021-02-23,21.0,1.0,6498837.0,23.0,,1,0,0,513
2020-04-12,202016,36.0,36,36,36,0.459864,0.533506,0,1,330455720201618745,2021-04-28,74.0,1.0,6747815.0,21.0,,0,0,0,513
2020-07-05,202028,17.0,17,17,17,0.723715,0.251933,0,1,330455720202818773,2021-05-26,52.0,1.0,6747815.0,17.0,,0,0,0,513
2020-10-18,202043,20.0,20,20,20,0.923595,0.296392,0,1,330455720204318773,2021-05-26,19.0,2.0,6747815.0,21.0,,0,0,0,513
2020-01-19,202004,87.0,87,87,87,0.734543,1.3387,0,1,330455720200418659,2021-02-01,10.0,1.0,6498837.0,22.0,,0,0,0,513
2019-12-29,202001,25.0,25,25,25,1.13209e-05,0.384684,0,2,330455720200118638,2021-01-11,12.0,0.0,6498837.0,24.0,,1,0,0,513
2011-04-03,201114,7117.0,7117,7117,7117,1.0,109.512,0,4,330455720111418603,2020-12-07,,2.0,6498837.0,22.0,,1,1,2,513
2012-01-01,201201,903.0,903,903,903,0.00128676,13.8948,0,2,330455720120118603,2020-12-07,,1.0,6498837.0,22.0,,0,0,1,513
2012-08-19,201234,377.0,377,377,377,5.3303e-05,5.80104,0,1,330455720123418603,2020-12-07,55.0,1.0,6498837.0,17.0,,0,0,1,513
2013-07-28,201331,92.0,92,92,92,1.45589e-07,1.41564,0,1,330455720133118603,2020-12-07,148.0,1.0,6498837.0,15.0,,0,0,0,513
2016-04-24,201617,2693.0,2693,2693,2693,0.228703,41.4382,0,4,330455720161718603,2020-12-07,105.0,1.0,6498837.0,22.0,,0,0,2,513
2016-09-11,201637,46.0,46,46,46,0.0277708,0.707819,0,1,330455720163718603,2020-12-07,10.0,1.0,6498837.0,21.0,,0,0,0,513
2017-12-31,201801,72.0,72,72,72,0.696713,1.10789,0,2,330455720180118603,2020-12-07,23.0,1.0,6498837.0,24.0,,1,0,0,513
2020-02-16,202008,65.0,65,65,65,0.368076,0.963275,0,2,330455720200818688,2021-03-02,35.0,1.0,6747815.0,25.0,,1,0,0,513
2020-05-31,202023,13.0,13,13,13,0.267987,0.192655,0,1,330455720202318773,2021-05-26,23.0,1.0,6747815.0,18.0,,0,0,0,513
2020-06-07,202024,18.0,18,18,18,0.679482,0.266753,0,1,330455720202418773,2021-05-26,28.0,1.0,6747815.0,20.0,,0,0,0,513
2020-06-21,202026,12.0,12,12,12,0.217334,0.177835,0,1,330455720202618773,2021-05-26,567.0,1.0,6747815.0,18.0,,0,0,0,513
2020-11-22,202048,12.0,12,12,12,0.0418346,0.177835,0,1,330455720204818773,2021-05-26,,1.0,6747815.0,21.0,,0,0,0,513
2020-11-29,202049,17.0,17,17,17,0.270435,0.251933,0,1,330455720204918773,2021-05-26,,1.0,6747815.0,21.0,,0,0,0,513
2020-12-13,202051,8.0,8,8,8,0.104351,0.118557,0,1,330455720205118773,2021-05-26,,1.0,6747815.0,22.0,,1,0,0,513
2020-12-20,202052,6.0,6,6,6,0.116442,0.0889177,0,1,330455720205218773,2021-05-26,,1.0,6747815.0,23.0,,1,0,0,513
2021-02-21,202108,23.0,23,23,23,0.776474,0.340851,0,2,330455720210818773,2021-05-26,38.0,1.0,6747815.0,23.0,,1,0,0,513
2021-02-28,202109,21.0,21,21,21,0.643854,0.311212,0,2,330455720210918773,2021-05-26,11.0,1.0,6747815.0,24.0,,1,0,0,513
2021-03-07,202110,28.0,28,28,29,0.848122,0.414949,0,2,330455720211018773,2021-05-26,142.0,1.0,6747815.0,23.0,,1,0,0,513
2021-03-14,202111,34.0,33,37,36,0.917974,0.503867,0,2,330455720211118773,2021-05-26,12.0,1.0,6747815.0,24.0,,1,0,0,513
2021-03-21,202112,41.0,39,46,40,0.942691,0.607604,0,2,330455720211218773,2021-05-26,24.0,1.0,6747815.0,24.0,,1,0,0,513
2021-03-28,202113,45.0,42,51,42,0.895266,0.666883,0,2,330455720211318773,2021-05-26,35.0,1.0,6747815.0,23.0,,1,0,0,513
2021-04-11,202115,52.0,47,62,44,0.696051,0.77062,0,1,330455720211518773,2021-05-26,32.0,1.0,6747815.0,20.0,,0,0,0,513
2020-02-02,202006,59.0,59,59,59,0.00563383,0.907855,0,1,330455720200618677,2021-02-19,64.0,1.0,6498837.0,24.0,,1,0,0,513
2020-02-23,202009,46.0,46,46,46,0.0272935,0.681702,0,1,330455720200918695,2021-03-09,139.0,1.0,6747815.0,22.0,,0,0,0,513
2020-03-01,202010,73.0,73,73,73,0.824144,1.08183,0,1,330455720201018701,2021-03-15,28.0,1.0,6747815.0,21.0,,0,0,0,513
2020-03-08,202011,60.0,60,60,60,0.529449,0.889177,0,1,330455720201118710,2021-03-24,157.0,1.0,6747815.0,22.0,,1,0,0,513
2020-03-15,202012,42.0,42,42,42,0.0304392,0.622424,0,1,330455720201218717,2021-03-31,385.0,1.0,6747815.0,23.0,,1,0,0,513
2010-09-05,201036,64.0,64,64,64,0.0230516,0.984792,0,1,330455720103618603,2020-12-07,,1.0,6498837.0,18.0,,0,0,0,513
2012-10-28,201244,191.0,191,191,191,0.131753,2.93899,0,1,330455720124418603,2020-12-07,59.0,1.0,6498837.0,23.0,,1,0,0,513
2012-11-04,201245,225.0,225,225,225,0.704823,3.46216,0,2,330455720124518603,2020-12-07,53.0,1.0,6498837.0,22.0,,1,0,1,513
2017-09-10,201737,31.0,31,31,31,0.709241,0.477008,0,1,330455720173718603,2020-12-07,12.0,1.0,6498837.0,17.0,,0,0,0,513
2019-01-27,201905,178.0,178,178,178,0.156043,2.73895,0,2,330455720190518603,2020-12-07,18.0,1.0,6498837.0,26.0,,1,0,0,513
2010-01-03,201001,30.0,30,30,30,0.0,0.461621,0,1,330455720100118603,2020-12-07,,0.0,6498837.0,25.0,,1,0,0,513
2011-10-16,201142,348.0,348,348,348,1.0,5.3548,0,3,330455720114218603,2020-12-07,,2.0,6498837.0,18.0,,0,1,1,513
2012-02-05,201206,2409.0,2409,2409,2409,1.0,37.0682,0,4,330455720120618603,2020-12-07,,1.0,6498837.0,24.0,,1,1,2,513
2012-06-17,201225,3410.0,3410,3410,3410,0.0,52.4709,0,4,330455720122518603,2020-12-07,,1.0,6498837.0,20.0,,0,0,2,513
2012-08-05,201232,452.0,452,452,452,7.35195e-10,6.95509,0,1,330455720123218603,2020-12-07,84.0,1.0,6498837.0,16.0,,0,0,1,513
2012-11-18,201247,206.0,206,206,206,0.510564,3.1698,0,1,330455720124718603,2020-12-07,58.0,1.0,6498837.0,21.0,,0,0,0,513
2016-06-19,201625,311.0,311,311,311,0.0,4.78547,0,1,330455720162518603,2020-12-07,42.0,0.0,6498837.0,18.0,,0,0,1,513
2016-10-02,201640,34.0,34,34,34,0.0442298,0.523171,0,1,330455720164018603,2020-12-07,12.0,1.0,6498837.0,18.0,,0,0,0,513
2016-11-06,201645,52.0,52,52,52,0.409004,0.800143,0,1,330455720164518603,2020-12-07,28.0,1.0,6498837.0,22.0,,0,0,0,513
2017-01-01,201701,164.0,164,164,164,0.978458,2.52353,0,2,330455720170118603,2020-12-07,68.0,1.0,6498837.0,26.0,,1,0,0,513
2017-01-15,201703,199.0,199,199,199,0.967076,3.06209,0,2,330455720170318603,2020-12-07,20.0,1.0,6498837.0,24.0,,1,0,0,513
2017-01-22,201704,297.0,297,297,297,1.0,4.57005,0,2,330455720170418603,2020-12-07,51.0,2.0,6498837.0,25.0,,1,1,1,513
2017-04-02,201714,117.0,117,117,117,0.0639683,1.80032,0,1,330455720171418603,2020-12-07,18.0,1.0,6498837.0,22.0,,0,0,0,513
2017-10-22,201743,63.0,63,63,63,0.848763,0.969404,0,1,330455720174318603,2020-12-07,13.0,1.0,6498837.0,22.0,,0,0,0,513
2018-01-07,201802,81.0,81,81,81,0.919986,1.24638,0,2,330455720180218603,2020-12-07,28.0,1.0,6498837.0,24.0,,1,0,0,513
2018-01-28,201805,103.0,103,103,103,0.3562,1.5849,0,2,330455720180518603,2020-12-07,13.0,1.0,6498837.0,23.0,,1,0,0,513
2018-02-18,201808,124.0,124,124,124,0.92651,1.90803,0,2,330455720180818603,2020-12-07,18.0,1.0,6498837.0,24.0,,1,0,0,513
2018-04-15,201816,247.0,247,247,247,0.263005,3.80068,0,2,330455720181618603,2020-12-07,13.0,1.0,6498837.0,21.0,,0,0,1,513
2018-10-28,201844,76.0,76,76,76,0.949107,1.16944,0,1,330455720184418603,2020-12-07,,1.0,6498837.0,22.0,,0,0,0,513
2018-12-30,201901,150.0,150,150,150,0.77766,2.30811,0,2,330455720190118603,2020-12-07,11.0,1.0,6498837.0,25.0,,1,0,0,513
2019-06-16,201925,639.0,639,639,639,0.0,9.83253,0,1,330455720192518603,2020-12-07,143.0,1.0,6498837.0,19.0,,0,0,1,513
2019-07-07,201928,399.0,399,399,399,3.33067e-16,6.13956,0,1,330455720192818603,2020-12-07,32.0,1.0,6498837.0,15.0,,0,0,1,513
2019-07-14,201929,286.0,286,286,286,0.0,4.40079,0,1,330455720192918603,2020-12-07,16.0,1.0,6498837.0,16.0,,0,0,1,513
2019-10-13,201942,67.0,67,67,67,0.121015,1.03095,0,1,330455720194218603,2020-12-07,55.0,1.0,6498837.0,22.0,,0,0,0,513
2019-11-10,201946,54.0,54,54,54,0.373471,0.830918,0,1,330455720194618603,2020-12-07,90.0,1.0,6498837.0,22.0,,0,0,0,513
2019-11-17,201947,53.0,53,53,53,0.352909,0.815531,0,1,330455720194718603,2020-12-07,33.0,1.0,6498837.0,21.0,,0,0,0,513
2017-07-23,201730,37.0,37,37,37,0.562714,0.569333,0,1,330455720173018603,2020-12-07,14.0,1.0,6498837.0,17.0,,0,0,0,513
2018-07-22,201830,145.0,145,145,145,0.0405951,2.23117,0,1,330455720183018603,2020-12-07,11.0,1.0,6498837.0,19.0,,0,0,0,513
2010-12-26,201052,202.0,202,202,202,0.732598,3.10825,0,2,330455720105218603,2020-12-07,,1.0,6498837.0,23.0,,1,0,0,513
2016-12-11,201650,96.0,96,96,96,0.0682746,1.47719,0,2,330455720165018603,2020-12-07,22.0,1.0,6498837.0,23.0,,1,0,0,513
2012-01-29,201205,2005.0,2005,2005,2005,1.0,30.8517,0,3,330455720120518603,2020-12-07,,1.0,6498837.0,21.0,,0,1,2,513
2010-01-24,201004,51.0,51,51,51,0.0,0.784756,0,2,330455720100418603,2020-12-07,,0.0,6498837.0,24.0,,1,0,0,513
2014-09-14,201438,54.0,54,54,54,0.397778,0.830918,0,1,330455720143818603,2020-12-07,57.0,1.0,6498837.0,19.0,,0,0,0,513
2014-12-21,201452,19.0,19,19,19,0.000166861,0.29236,0,2,330455720145218603,2020-12-07,40.0,0.0,6498837.0,24.0,,1,0,0,513
2012-08-26,201235,326.0,326,326,326,1.24443e-05,5.01628,0,1,330455720123518603,2020-12-07,63.0,1.0,6498837.0,18.0,,0,0,1,513
2016-07-03,201627,279.0,279,279,279,0.00161943,4.29308,0,1,330455720162718603,2020-12-07,36.0,1.0,6498837.0,17.0,,0,0,1,513
2010-04-11,201015,116.0,116,116,116,0.99655,1.78493,0,1,330455720101518603,2020-12-07,,1.0,6498837.0,20.0,,0,0,0,513
2010-04-18,201016,54.0,54,54,54,0.00624525,0.830918,0,1,330455720101618603,2020-12-07,,1.0,6498837.0,22.0,,1,0,0,513
2010-06-27,201026,88.0,88,88,88,0.609475,1.35409,0,1,330455720102618603,2020-12-07,,1.0,6498837.0,17.0,,0,0,0,513
2010-10-10,201041,41.0,41,41,41,0.00750828,0.630882,0,1,330455720104118603,2020-12-07,,1.0,6498837.0,17.0,,0,0,0,513
2011-02-06,201106,1219.0,1219,1219,1219,1.0,18.7572,0,3,330455720110618603,2020-12-07,,2.0,6498837.0,25.0,,1,1,1,513
2011-02-13,201107,1927.0,1927,1927,1927,1.0,29.6515,0,3,330455720110718603,2020-12-07,,2.0,6498837.0,24.0,,1,1,2,513
2014-11-30,201449,59.0,59,59,59,0.834562,0.907855,0,1,330455720144918603,2020-12-07,40.0,1.0,6498837.0,22.0,,0,0,0,513
2014-12-14,201451,44.0,44,44,44,0.240785,0.677044,0,1,330455720145118603,2020-12-07,28.0,1.0,6498837.0,22.0,,1,0,0,513
2015-01-04,201501,43.0,43,43,43,0.968701,0.661657,0,2,330455720150118603,2020-12-07,37.0,2.0,6498837.0,24.0,,1,0,0,513
2015-02-15,201507,41.0,41,41,41,0.161118,0.630882,0,1,330455720150718603,2020-12-07,57.0,1.0,6498837.0,22.0,,1,0,0,513
2015-03-01,201509,127.0,127,127,127,0.999998,1.9542,0,2,330455720150918603,2020-12-07,94.0,2.0,6498837.0,23.0,,1,0,0,513
2016-11-13,201646,70.0,70,70,70,0.955365,1.07712,0,1,330455720164618603,2020-12-07,18.0,1.0,6498837.0,21.0,,0,0,0,513
2020-03-22,202013,35.0,35,35,35,0.0118308,0.518686,0,1,330455720201318723,2021-04-06,129.0,1.0,6747815.0,21.0,,0,0,0,513
2020-05-17,202021,14.0,14,14,14,0.014119,0.207475,0,1,330455720202118773,2021-05-26,62.0,1.0,6747815.0,19.0,,0,0,0,513
2020-06-14,202025,17.0,17,17,17,0.611518,0.251933,0,1,330455720202518773,2021-05-26,33.0,1.0,6747815.0,18.0,,0,0,0,513
2020-08-09,202033,13.0,13,13,13,0.567176,0.192655,0,1,330455720203318773,2021-05-26,96.0,1.0,6747815.0,18.0,,0,0,0,513
2020-08-16,202034,9.0,9,9,9,0.295254,0.133377,0,1,330455720203418773,2021-05-26,25.0,1.0,6747815.0,19.0,,0,0,0,513
2020-11-15,202047,24.0,24,24,24,0.80088,0.355671,0,1,330455720204718773,2021-05-26,3.0,1.0,6747815.0,22.0,,0,0,0,513
2020-12-06,202050,9.0,9,9,9,0.0602091,0.133377,0,1,330455720205018773,2021-05-26,,1.0,6747815.0,22.0,,0,0,0,513
2021-02-07,202106,17.0,17,17,17,0.24269,0.251933,0,2,330455720210618773,2021-05-26,16.0,1.0,6747815.0,22.0,,1,0,0,513
2013-06-23,201326,370.0,370,370,370,0.0,5.69333,0,1,330455720132618603,2020-12-07,123.0,1.0,6498837.0,19.0,,0,0,1,513
2010-03-07,201010,77.0,77,77,77,0.923105,1.18483,0,1,330455720101018603,2020-12-07,,1.0,6498837.0,24.0,,1,0,0,513
2010-05-02,201018,128.0,128,128,128,0.998692,1.96958,0,1,330455720101818603,2020-12-07,,2.0,6498837.0,21.0,,0,0,0,513
2010-07-25,201030,113.0,113,113,113,0.853546,1.73877,0,1,330455720103018603,2020-12-07,,1.0,6498837.0,18.0,,0,0,0,513
2010-08-01,201031,111.0,111,111,111,0.773423,1.708,0,1,330455720103118603,2020-12-07,,1.0,6498837.0,18.0,,0,0,0,513
2010-09-26,201039,77.0,77,77,77,0.717543,1.18483,0,1,330455720103918603,2020-12-07,,1.0,6498837.0,21.0,,0,0,0,513
2011-01-02,201101,249.0,249,249,249,0.993751,3.83145,0,2,330455720110118603,2020-12-07,,1.0,6498837.0,24.0,,1,1,1,513
2011-03-06,201110,1444.0,1444,1444,1444,2.22045e-16,22.2194,0,2,330455720111018603,2020-12-07,,1.0,6498837.0,23.0,,1,0,1,513
2011-10-23,201143,275.0,275,275,275,0.671703,4.23153,0,2,330455720114318603,2020-12-07,,1.0,6498837.0,21.0,,0,0,1,513
2012-09-02,201236,211.0,211,211,211,5.1581e-13,3.24673,0,1,330455720123618603,2020-12-07,53.0,1.0,6498837.0,17.0,,0,0,0,513
2012-11-25,201248,278.0,278,278,278,0.999549,4.27769,0,1,330455720124818603,2020-12-07,59.0,1.0,6498837.0,22.0,,0,1,1,513
2013-05-26,201322,1102.0,1102,1102,1102,0.0,16.9569,0,2,330455720132218603,2020-12-07,193.0,0.0,6498837.0,19.0,,0,0,1,513
2013-06-16,201325,495.0,495,495,495,0.0,7.61675,0,1,330455720132518603,2020-12-07,150.0,1.0,6498837.0,19.0,,0,0,1,513
2013-08-11,201333,212.0,212,212,212,1.0,3.26212,0,1,330455720133318603,2020-12-07,71.0,2.0,6498837.0,17.0,,0,0,0,513
2014-02-23,201409,91.0,91,91,91,0.00922731,1.40025,0,2,330455720140918603,2020-12-07,77.0,1.0,6498837.0,24.0,,1,0,0,513
2014-04-20,201417,65.0,65,65,65,0.0329119,1.00018,0,1,330455720141718603,2020-12-07,64.0,1.0,6498837.0,22.0,,0,0,0,513
2014-11-02,201445,41.0,41,41,41,0.000158259,0.630882,0,1,330455720144518603,2020-12-07,55.0,1.0,6498837.0,23.0,,1,0,0,513
2015-02-01,201505,57.0,57,57,57,0.892339,0.87708,0,1,330455720150518603,2020-12-07,64.0,1.0,6498837.0,21.0,,0,0,0,513
2015-03-29,201513,279.0,279,279,279,0.998976,4.29308,0,3,330455720151318603,2020-12-07,172.0,1.0,6498837.0,22.0,,1,1,1,513
2015-04-05,201514,475.0,475,475,475,1.0,7.309,0,3,330455720151418603,2020-12-07,187.0,2.0,6498837.0,21.0,,0,1,1,513
2015-11-29,201548,222.0,222,222,222,0.951145,3.416,0,1,330455720154818603,2020-12-07,433.0,1.0,6498837.0,22.0,,0,1,1,513
2015-12-13,201550,530.0,530,530,530,1.0,8.1553,0,3,330455720155018603,2020-12-07,258.0,2.0,6498837.0,24.0,,1,1,1,513
2016-05-01,201618,1473.0,1473,1473,1473,0.0,22.6656,0,2,330455720161818603,2020-12-07,99.0,1.0,6498837.0,18.0,,0,0,1,513
2016-08-14,201633,104.0,104,104,104,0.18049,1.60029,0,1,330455720163318603,2020-12-07,28.0,1.0,6498837.0,19.0,,0,0,0,513
2016-10-16,201642,63.0,63,63,63,0.988975,0.969404,0,1,330455720164218603,2020-12-07,32.0,2.0,6498837.0,23.0,,1,0,0,513
2018-03-04,201810,174.0,174,174,174,0.998209,2.6774,0,2,330455720181018603,2020-12-07,30.0,1.0,6498837.0,25.0,,1,0,0,513
2019-09-08,201937,68.0,68,68,68,0.000428028,1.04634,0,1,330455720193718603,2020-12-07,19.0,1.0,6498837.0,19.0,,0,0,0,513
2019-10-20,201943,66.0,66,66,66,0.306037,1.01557,0,1,330455720194318603,2020-12-07,19.0,1.0,6498837.0,21.0,,0,0,0,513
2020-07-12,202029,16.0,16,16,16,0.668041,0.237114,0,1,330455720202918773,2021-05-26,220.0,1.0,6747815.0,17.0,,0,0,0,513
2010-05-09,201019,114.0,114,114,114,0.895162,1.75416,0,1,330455720101918603,2020-12-07,,1.0,6498837.0,18.0,,0,0,0,513
2011-11-06,201145,367.0,367,367,367,0.996472,5.64716,0,2,330455720114518603,2020-12-07,,1.0,6498837.0,20.0,,0,1,1,513
2012-03-11,201211,6560.0,6560,6560,6560,1.0,100.941,0,4,330455720121118603,2020-12-07,,1.0,6498837.0,23.0,,1,1,2,513
2013-01-13,201303,810.0,810,810,810,1.0,12.4638,0,3,330455720130318603,2020-12-07,212.0,2.0,6498837.0,20.0,,0,1,1,513
2016-06-26,201626,242.0,242,242,242,0.0,3.72374,0,1,330455720162618603,2020-12-07,39.0,0.0,6498837.0,17.0,,0,0,1,513
2018-04-04,201815,337.0,337,337,337,1.0,5.18554,0,3,330455720181518603,2020-12-07,19.0,2.0,6498837.0,23.0,,1,1,1,513
2019-03-31,201914,1044.0,1044,1044,1044,1.0,16.0644,0,3,330455720191418603,2020-12-07,81.0,2.0,6498837.0,23.0,,1,1,1,513
2019-03-10,201911,398.0,398,398,398,1.0,6.12417,0,2,330455720191118603,2020-12-07,231.0,2.0,6498837.0,25.0,,1,1,1,513
2019-09-29,201940,111.0,111,111,111,0.993032,1.708,0,1,330455720194018603,2020-12-07,15.0,1.0,6498837.0,19.0,,0,0,0,513
2012-10-07,201241,204.0,204,204,204,0.290128,3.13902,0,1,330455720124118603,2020-12-07,48.0,1.0,6498837.0,21.0,,0,0,0,513
2014-05-18,201421,100.0,100,100,100,0.807224,1.53874,0,1,330455720142118603,2020-12-07,92.0,1.0,6498837.0,20.0,,0,0,0,513
2011-09-11,201137,152.0,152,152,152,0.579901,2.33888,0,1,330455720113718603,2020-12-07,,1.0,6498837.0,19.0,,0,0,0,513
2011-02-27,201109,1995.0,1995,1995,1995,0.999999,30.6978,0,4,330455720110918603,2020-12-07,,1.0,6498837.0,23.0,,1,1,2,513
2012-08-12,201233,478.0,478,478,478,0.00779051,7.35516,0,1,330455720123318603,2020-12-07,63.0,1.0,6498837.0,17.0,,0,0,1,513
2015-02-22,201508,98.0,98,98,98,0.999824,1.50796,0,2,330455720150818603,2020-12-07,81.0,2.0,6498837.0,25.0,,1,0,0,513
2019-08-04,201932,148.0,148,148,148,5.56149e-05,2.27733,0,1,330455720193218603,2020-12-07,81.0,1.0,6498837.0,17.0,,0,0,0,513
2015-05-31,201522,949.0,949,949,949,0.0,14.6026,0,2,330455720152218603,2020-12-07,211.0,1.0,6498837.0,19.0,,0,0,1,513
2011-08-14,201133,215.0,215,215,215,0.190605,3.30828,0,1,330455720113318603,2020-12-07,,1.0,6498837.0,19.0,,0,0,0,513
2012-02-19,201208,2909.0,2909,2909,2909,1.0,44.7619,0,4,330455720120818603,2020-12-07,,1.0,6498837.0,24.0,,1,1,2,513
2013-02-10,201307,1272.0,1272,1272,1272,0.999988,19.5727,0,3,330455720130718603,2020-12-07,224.0,1.0,6498837.0,25.0,,1,1,1,513
2016-12-04,201649,124.0,124,124,124,0.969958,1.90803,0,1,330455720164918603,2020-12-07,33.0,1.0,6498837.0,22.0,,1,0,0,513
2019-12-22,201952,59.0,59,59,59,0.448809,0.907855,0,1,330455720195218618,2020-12-22,2.0,1.0,6498837.0,24.0,,1,0,0,513
2020-01-12,202003,99.0,99,99,99,0.999344,1.52335,0,2,330455720200318653,2021-01-26,23.0,2.0,6498837.0,24.0,,1,0,0,513
2011-09-25,201139,201.0,201,201,201,0.993462,3.09286,0,1,330455720113918603,2020-12-07,,1.0,6498837.0,18.0,,0,0,0,513
2016-04-03,201614,3050.0,3050,3050,3050,1.0,46.9315,0,4,330455720161418603,2020-12-07,427.0,2.0,6498837.0,23.0,,1,1,2,513
2018-09-30,201840,37.0,37,37,37,0.00601674,0.569333,0,1,330455720184018603,2020-12-07,,1.0,6498837.0,23.0,,1,0,0,513
2013-06-09,201324,589.0,589,589,589,0.0,9.06316,0,2,330455720132418603,2020-12-07,131.0,0.0,6498837.0,19.0,,0,0,1,513
2011-02-20,201108,2056.0,2056,2056,2056,1.0,31.6364,0,4,330455720110818603,2020-12-07,,2.0,6498837.0,24.0,,1,1,2,513
2017-10-15,201742,61.0,61,61,61,0.758755,0.93863,0,1,330455720174218603,2020-12-07,12.0,1.0,6498837.0,21.0,,0,0,0,513
2018-11-25,201848,91.0,91,91,91,0.965546,1.40025,0,1,330455720184818603,2020-12-07,,1.0,6498837.0,23.0,,1,0,0,513
2019-05-26,201922,1614.0,1614,1614,1614,0.0781831,24.8352,0,2,330455720192218603,2020-12-07,93.0,1.0,6498837.0,21.0,,0,0,1,513
2010-01-17,201003,30.0,30,30,30,0.0,0.461621,0,2,330455720100318603,2020-12-07,,0.0,6498837.0,24.0,,1,0,0,513
2012-03-04,201210,5754.0,5754,5754,5754,1.0,88.5389,0,4,330455720121018603,2020-12-07,,2.0,6498837.0,23.0,,1,1,2,513
2012-03-25,201213,8719.0,8719,8719,8719,1.0,134.162,0,4,330455720121318603,2020-12-07,,1.0,6498837.0,23.0,,1,1,2,513
2013-01-06,201302,723.0,723,723,723,1.0,11.1251,0,3,330455720130218603,2020-12-07,134.0,2.0,6498837.0,23.0,,1,1,1,513
2013-03-17,201312,5121.0,5121,5121,5121,1.0,78.7987,0,4,330455720131218603,2020-12-07,701.0,1.0,6498837.0,23.0,,1,1,2,513
2013-08-04,201332,130.0,130,130,130,0.474799,2.00036,0,1,330455720133218603,2020-12-07,155.0,1.0,6498837.0,18.0,,0,0,0,513
2014-12-07,201450,48.0,48,48,48,0.442437,0.738594,0,1,330455720145018603,2020-12-07,46.0,1.0,6498837.0,23.0,,1,0,0,513
2015-07-12,201528,365.0,365,365,365,0.0,5.61639,0,1,330455720152818603,2020-12-07,81.0,1.0,6498837.0,19.0,,0,0,1,513
2015-07-26,201530,296.0,296,296,296,0.000389887,4.55466,0,1,330455720153018603,2020-12-07,84.0,1.0,6498837.0,20.0,,0,0,1,513
2015-11-08,201545,193.0,193,193,193,0.999506,2.96976,0,1,330455720154518603,2020-12-07,119.0,1.0,6498837.0,23.0,,1,0,0,513
2016-03-06,201610,981.0,981,981,981,0.99931,15.095,0,3,330455720161018603,2020-12-07,362.0,1.0,6498837.0,25.0,,1,1,1,513
2016-12-18,201651,131.0,131,131,131,0.764107,2.01575,0,2,330455720165118603,2020-12-07,17.0,1.0,6498837.0,23.0,,1,0,0,513
2017-03-19,201712,144.0,144,144,144,0.469098,2.21578,0,1,330455720171218603,2020-12-07,33.0,1.0,6498837.0,21.0,,0,0,0,513
2018-01-14,201803,132.0,132,132,132,0.999984,2.03113,0,2,330455720180318603,2020-12-07,49.0,2.0,6498837.0,25.0,,1,0,0,513
2018-01-21,201804,109.0,109,109,109,0.899525,1.67722,0,2,330455720180418603,2020-12-07,57.0,1.0,6498837.0,26.0,,1,0,0,513
2018-06-24,201826,231.0,231,231,231,0.877241,3.55448,0,1,330455720182618603,2020-12-07,15.0,1.0,6498837.0,19.0,,0,0,1,513
2019-02-10,201907,211.0,211,211,211,0.944838,3.24673,0,2,330455720190718603,2020-12-07,27.0,1.0,6498837.0,24.0,,1,0,0,513
2019-02-17,201908,202.0,202,202,202,0.940417,3.10825,0,2,330455720190818603,2020-12-07,203.0,1.0,6498837.0,24.0,,1,0,0,513
2019-10-06,201941,54.0,54,54,54,0.010801,0.830918,0,1,330455720194118603,2020-12-07,20.0,1.0,6498837.0,21.0,,0,0,0,513
2019-10-27,201944,48.0,48,48,48,0.0574709,0.738594,0,1,330455720194418603,2020-12-07,16.0,1.0,6498837.0,23.0,,1,0,0,513
2019-12-15,201951,82.0,82,82,82,0.973625,1.26176,0,1,330455720195118618,2020-12-22,14.0,1.0,6498837.0,24.0,,1,0,0,513
2010-08-29,201035,73.0,73,73,73,0.0470394,1.12328,0,1,330455720103518603,2020-12-07,,1.0,6498837.0,19.0,,0,0,0,513
2010-09-12,201037,68.0,68,68,68,0.209015,1.04634,0,1,330455720103718603,2020-12-07,,1.0,6498837.0,18.0,,0,0,0,513
2011-12-04,201149,796.0,796,796,796,1.0,12.2483,0,3,330455720114918603,2020-12-07,,2.0,6498837.0,22.0,,1,1,1,513
2013-04-28,201318,3125.0,3125,3125,3125,0.0,48.0855,0,4,330455720131818603,2020-12-07,441.0,1.0,6498837.0,20.0,,0,0,2,513
2014-09-21,201439,54.0,54,54,54,0.52334,0.830918,0,1,330455720143918603,2020-12-07,80.0,1.0,6498837.0,19.0,,0,0,0,513
2014-10-12,201442,80.0,80,80,80,0.902452,1.23099,0,1,330455720144218603,2020-12-07,105.0,1.0,6498837.0,21.0,,0,0,0,513
2014-10-26,201444,103.0,103,103,103,0.982478,1.5849,0,1,330455720144418603,2020-12-07,58.0,1.0,6498837.0,21.0,,0,0,0,513
2015-04-26,201517,1097.0,1097,1097,1097,1.0,16.8799,0,3,330455720151718603,2020-12-07,291.0,2.0,6498837.0,20.0,,0,1,1,513
2016-01-03,201601,540.0,540,540,540,0.999998,8.30918,0,2,330455720160118603,2020-12-07,246.0,1.0,6498837.0,23.0,,1,1,1,513
2016-01-10,201602,489.0,489,489,489,0.991978,7.52442,0,3,330455720160218603,2020-12-07,264.0,1.0,6498837.0,24.0,,1,1,1,513
2016-01-17,201603,561.0,561,561,561,0.996311,8.63231,0,3,330455720160318603,2020-12-07,353.0,1.0,6498837.0,22.0,,0,1,1,513
2016-01-24,201604,500.0,500,500,500,0.373807,7.69368,0,2,330455720160418603,2020-12-07,301.0,1.0,6498837.0,24.0,,1,0,1,513
2016-02-07,201606,377.0,377,377,377,2.75725e-06,5.80104,0,2,330455720160618603,2020-12-07,638.0,1.0,6498837.0,24.0,,1,0,1,513
2016-02-14,201607,762.0,762,762,762,1.0,11.7252,0,2,330455720160718603,2020-12-07,683.0,2.0,6498837.0,24.0,,1,1,1,513
2016-03-27,201613,2849.0,2849,2849,2849,1.0,43.8386,0,3,330455720161318603,2020-12-07,391.0,2.0,6498837.0,24.0,,1,1,2,513
2017-05-28,201722,62.0,62,62,62,0.166882,0.954017,0,1,330455720172218603,2020-12-07,22.0,1.0,6498837.0,19.0,,0,0,0,513
2017-06-04,201723,73.0,73,73,73,0.877754,1.12328,0,1,330455720172318603,2020-12-07,27.0,1.0,6498837.0,20.0,,0,0,0,513
2018-12-23,201852,135.0,135,135,135,0.474618,2.07729,0,1,330455720185218603,2020-12-07,,1.0,6498837.0,24.0,,1,0,0,513
2020-03-29,202014,42.0,42,42,42,0.237816,0.622424,0,1,330455720201418731,2021-04-14,65.0,1.0,6747815.0,23.0,,1,0,0,513
2020-04-05,202015,27.0,27,27,27,0.0448601,0.40013,0,1,330455720201518739,2021-04-22,103.0,1.0,6747815.0,21.0,,0,0,0,513
2020-06-28,202027,12.0,12,12,12,0.250523,0.177835,0,1,330455720202718773,2021-05-26,18.0,1.0,6747815.0,19.0,,0,0,0,513
2020-08-30,202036,11.0,11,11,11,0.553492,0.163016,0,1,330455720203618773,2021-05-26,10.0,1.0,6747815.0,21.0,,0,0,0,513
2020-09-27,202040,12.0,12,12,12,0.476877,0.177835,0,1,330455720204018773,2021-05-26,17.0,1.0,6747815.0,23.0,,1,0,0,513
2020-11-01,202045,18.0,18,18,18,0.730304,0.266753,0,1,330455720204518773,2021-05-26,17.0,1.0,6747815.0,18.0,,0,0,0,513
2021-04-04,202114,59.0,54,66,53,0.970891,0.874357,0,1,330455720211418773,2021-05-26,19.0,1.0,6747815.0,21.0,,0,0,0,513
2011-11-27,201148,575.0,575,575,575,1.0,8.84774,0,3,330455720114818603,2020-12-07,,1.0,6498837.0,21.0,,0,1,1,513
2015-04-19,201516,748.0,748,748,748,1.0,11.5098,0,3,330455720151618603,2020-12-07,208.0,1.0,6498837.0,23.0,,1,1,1,513
2015-11-22,201547,214.0,214,214,214,0.985097,3.2929,0,1,330455720154718603,2020-12-07,152.0,1.0,6498837.0,22.0,,0,0,0,513
2016-08-07,201632,88.0,88,88,88,1.85499e-05,1.35409,0,1,330455720163218603,2020-12-07,80.0,1.0,6498837.0,18.0,,0,0,0,513
2017-05-14,201720,77.0,77,77,77,0.066125,1.18483,0,1,330455720172018603,2020-12-07,27.0,1.0,6498837.0,19.0,,0,0,0,513
2017-12-10,201750,86.0,86,86,86,0.971817,1.32331,0,2,330455720175018603,2020-12-07,6.0,1.0,6498837.0,23.0,,1,0,0,513
2017-12-17,201751,59.0,59,59,59,0.201709,0.907855,0,2,330455720175118603,2020-12-07,4.0,1.0,6498837.0,25.0,,1,0,0,513
2018-05-20,201821,276.0,276,276,276,0.0289981,4.24691,0,2,330455720182118603,2020-12-07,22.0,1.0,6498837.0,18.0,,0,0,1,513
2020-04-19,202017,41.0,41,41,41,0.789902,0.607604,0,1,330455720201718751,2021-05-04,25.0,1.0,6747815.0,20.0,,0,0,0,513
2020-04-26,202018,36.0,36,36,36,0.538122,0.533506,0,1,330455720201818751,2021-05-04,27.0,1.0,6747815.0,20.0,,0,0,0,513
2020-05-03,202019,30.0,30,30,30,0.193014,0.444588,0,1,330455720201918764,2021-05-17,79.0,1.0,6747815.0,18.0,,0,0,0,513
2020-05-10,202020,17.0,17,17,17,0.00643262,0.251933,0,1,330455720202018773,2021-05-26,31.0,0.0,6747815.0,17.0,,0,0,0,513
2020-05-24,202022,17.0,17,17,17,0.282734,0.251933,0,1,330455720202218773,2021-05-26,89.0,1.0,6747815.0,16.0,,0,0,0,513
2020-07-19,202030,16.0,16,16,16,0.561577,0.237114,0,1,330455720203018773,2021-05-26,44.0,1.0,6747815.0,16.0,,0,0,0,513
2020-07-26,202031,10.0,10,10,10,0.128819,0.148196,0,1,330455720203118773,2021-05-26,29.0,1.0,6747815.0,18.0,,0,0,0,513
2020-08-02,202032,11.0,11,11,11,0.255646,0.163016,0,1,330455720203218773,2021-05-26,9.0,1.0,6747815.0,15.0,,0,0,0,513
2020-08-23,202035,10.0,10,10,10,0.396938,0.148196,0,1,330455720203518773,2021-05-26,34.0,1.0,6747815.0,16.0,,0,0,0,513
2020-10-04,202041,13.0,13,13,13,0.56141,0.192655,0,1,330455720204118773,2021-05-26,28.0,1.0,6747815.0,22.0,,1,0,0,513
2020-10-11,202042,9.0,9,9,9,0.246537,0.133377,0,1,330455720204218773,2021-05-26,10.0,1.0,6747815.0,20.0,,0,0,0,513
2020-10-25,202044,11.0,11,11,11,0.348201,0.163016,0,1,330455720204418773,2021-05-26,19.0,1.0,6747815.0,21.0,,0,0,0,513
2020-11-08,202046,26.0,26,26,26,0.95053,0.38531,0,1,330455720204618773,2021-05-26,32.0,2.0,6747815.0,23.0,,1,0,0,513
2021-02-14,202107,17.0,17,17,17,0.293499,0.251933,0,2,330455720210718773,2021-05-26,30.0,1.0,6747815.0,24.0,,1,0,0,513
2021-04-18,202116,45.0,37,55,32,0.243509,0.666883,0,1,330455720211618773,2021-05-26,13.0,1.0,6747815.0,20.0,,0,0,0,513
2021-04-25,202117,47.0,37,63,29,0.340117,0.696522,0,1,330455720211718773,2021-05-26,32.0,1.0,6747815.0,,,0,0,0,513
2011-06-05,201123,1543.0,1543,1543,1543,0.0,23.7427,0,2,330455720112318603,2020-12-07,,0.0,6498837.0,16.0,,0,0,1,513
2011-07-24,201130,312.0,312,312,312,0.0211881,4.80086,0,1,330455720113018603,2020-12-07,,1.0,6498837.0,17.0,,0,0,1,513
2013-08-25,201335,76.0,76,76,76,2.95369e-06,1.16944,0,1,330455720133518603,2020-12-07,63.0,1.0,6498837.0,17.0,,0,0,0,513
2013-09-01,201336,238.0,238,238,238,1.0,3.66219,0,1,330455720133618603,2020-12-07,55.0,2.0,6498837.0,18.0,,0,1,1,513
2013-09-08,201337,66.0,66,66,66,3.03107e-05,1.01557,0,1,330455720133718603,2020-12-07,42.0,1.0,6498837.0,18.0,,0,0,0,513
2014-09-07,201437,47.0,47,47,47,0.161148,0.723206,0,1,330455720143718603,2020-12-07,45.0,1.0,6498837.0,18.0,,0,0,0,513
2014-10-05,201441,63.0,63,63,63,0.667213,0.969404,0,1,330455720144118603,2020-12-07,143.0,1.0,6498837.0,17.0,,0,0,0,513
2015-04-12,201515,887.0,887,887,887,1.0,13.6486,0,3,330455720151518603,2020-12-07,349.0,3.0,6498837.0,22.0,,0,1,1,513
2016-07-31,201631,98.0,98,98,98,6.40592e-08,1.50796,0,1,330455720163118603,2020-12-07,93.0,1.0,6498837.0,18.0,,0,0,0,513
2017-04-23,201717,104.0,104,104,104,0.433522,1.60029,0,1,330455720171718603,2020-12-07,14.0,1.0,6498837.0,20.0,,0,0,0,513
2017-04-30,201718,93.0,93,93,93,0.187429,1.43103,0,1,330455720171818603,2020-12-07,12.0,1.0,6498837.0,19.0,,0,0,0,513
2017-09-24,201739,62.0,62,62,62,0.995822,0.954017,0,1,330455720173918603,2020-12-07,25.0,2.0,6498837.0,19.0,,0,0,0,513
2017-12-03,201749,63.0,63,63,63,0.718904,0.969404,0,2,330455720174918603,2020-12-07,17.0,1.0,6498837.0,23.0,,1,0,0,513
2018-07-01,201827,182.0,182,182,182,0.0734673,2.8005,0,1,330455720182718603,2020-12-07,12.0,1.0,6498837.0,19.0,,0,0,0,513
2018-08-05,201832,117.0,117,117,117,0.0515917,1.80032,0,1,330455720183218603,2020-12-07,29.0,1.0,6498837.0,18.0,,0,0,0,513
2018-08-19,201834,74.0,74,74,74,0.00129894,1.13867,0,1,330455720183418603,2020-12-07,,1.0,6498837.0,19.0,,0,0,0,513
2010-05-30,201022,112.0,112,112,112,0.508532,1.72339,0,1,330455720102218603,2020-12-07,,1.0,6498837.0,17.0,,0,0,0,513
2010-06-06,201023,73.0,73,73,73,0.00198904,1.12328,0,1,330455720102318603,2020-12-07,,1.0,6498837.0,16.0,,0,0,0,513
2010-06-13,201024,92.0,92,92,92,0.207884,1.41564,0,1,330455720102418603,2020-12-07,,1.0,6498837.0,15.0,,0,0,0,513
2010-06-20,201025,77.0,77,77,77,0.160015,1.18483,0,1,330455720102518603,2020-12-07,,1.0,6498837.0,17.0,,0,0,0,513
2010-07-04,201027,114.0,114,114,114,0.980903,1.75416,0,1,330455720102718603,2020-12-07,,1.0,6498837.0,17.0,,0,0,0,513
2010-07-11,201028,89.0,89,89,89,0.427928,1.36948,0,1,330455720102818603,2020-12-07,,1.0,6498837.0,19.0,,0,0,0,513
2010-07-18,201029,97.0,97,97,97,0.467969,1.49257,0,1,330455720102918603,2020-12-07,,1.0,6498837.0,18.0,,0,0,0,513
2010-08-08,201032,101.0,101,101,101,0.359042,1.55412,0,1,330455720103218603,2020-12-07,,1.0,6498837.0,17.0,,0,0,0,513
2010-08-15,201033,89.0,89,89,89,0.104513,1.36948,0,1,330455720103318603,2020-12-07,,1.0,6498837.0,14.0,,0,0,0,513
2010-08-22,201034,100.0,100,100,100,0.482243,1.53874,0,1,330455720103418603,2020-12-07,,1.0,6498837.0,17.0,,0,0,0,513
2010-09-19,201038,78.0,78,78,78,0.754186,1.20021,0,1,330455720103818603,2020-12-07,,1.0,6498837.0,19.0,,0,0,0,513
2010-10-17,201042,51.0,51,51,51,0.43795,0.784756,0,1,330455720104218603,2020-12-07,,1.0,6498837.0,19.0,,0,0,0,513
2010-10-24,201043,54.0,54,54,54,0.780455,0.830918,0,1,330455720104318603,2020-12-07,,1.0,6498837.0,20.0,,0,0,0,513
2010-10-31,201044,62.0,62,62,62,0.886793,0.954017,0,1,330455720104418603,2020-12-07,,1.0,6498837.0,21.0,,0,0,0,513
2010-11-07,201045,78.0,78,78,78,0.974856,1.20021,0,1,330455720104518603,2020-12-07,,1.0,6498837.0,21.0,,0,0,0,513
2010-11-14,201046,51.0,51,51,51,0.14172,0.784756,0,1,330455720104618603,2020-12-07,,1.0,6498837.0,20.0,,0,0,0,513
2010-11-21,201047,79.0,79,79,79,0.863145,1.2156,0,1,330455720104718603,2020-12-07,,1.0,6498837.0,23.0,,1,0,0,513
2010-11-28,201048,101.0,101,101,101,0.99542,1.55412,0,1,330455720104818603,2020-12-07,,1.0,6498837.0,24.0,,1,0,0,513
2010-12-05,201049,172.0,172,172,172,1.0,2.64663,0,2,330455720104918603,2020-12-07,,2.0,6498837.0,24.0,,1,0,0,513
2010-12-19,201051,177.0,177,177,177,0.8108,2.72356,0,2,330455720105118603,2020-12-07,,1.0,6498837.0,24.0,,1,0,0,513
2011-01-09,201102,291.0,291,291,291,0.999789,4.47772,0,3,330455720110218603,2020-12-07,,1.0,6498837.0,24.0,,1,1,1,513
2011-01-16,201103,280.0,280,280,280,0.940685,4.30846,0,2,330455720110318603,2020-12-07,,1.0,6498837.0,25.0,,1,0,1,513
2011-01-23,201104,520.0,520,520,520,1.0,8.00143,0,2,330455720110418603,2020-12-07,,2.0,6498837.0,24.0,,1,1,1,513
2011-01-30,201105,671.0,671,671,671,1.0,10.3249,0,3,330455720110518603,2020-12-07,,2.0,6498837.0,24.0,,1,1,1,513
2011-03-13,201111,2786.0,2786,2786,2786,1.0,42.8692,0,2,330455720111118603,2020-12-07,,1.0,6498837.0,23.0,,1,1,2,513
2011-03-20,201112,4266.0,4266,4266,4266,1.0,65.6425,0,4,330455720111218603,2020-12-07,,2.0,6498837.0,23.0,,1,1,2,513
2011-03-27,201113,5974.0,5974,5974,5974,1.0,91.9241,0,4,330455720111318603,2020-12-07,,2.0,6498837.0,23.0,,1,1,2,513
2011-04-17,201116,4915.0,4915,4915,4915,0.0,75.6289,0,4,330455720111618603,2020-12-07,,1.0,6498837.0,22.0,,1,0,2,513
2011-04-24,201117,5801.0,5801,5801,5801,0.000314426,89.2621,0,4,330455720111718603,2020-12-07,,1.0,6498837.0,21.0,,0,0,2,513
2011-05-01,201118,5267.0,5267,5267,5267,0.00016246,81.0453,0,4,330455720111818603,2020-12-07,,1.0,6498837.0,21.0,,0,0,2,513
2011-05-08,201119,4433.0,4433,4433,4433,0.0,68.2122,0,4,330455720111918603,2020-12-07,,1.0,6498837.0,20.0,,0,0,2,513
2011-05-15,201120,3915.0,3915,3915,3915,0.0,60.2415,0,4,330455720112018603,2020-12-07,,1.0,6498837.0,18.0,,0,0,2,513
2011-05-22,201121,3056.0,3056,3056,3056,0.0,47.0238,0,4,330455720112118603,2020-12-07,,1.0,6498837.0,17.0,,0,0,2,513
2011-05-29,201122,2570.0,2570,2570,2570,0.0,39.5455,0,4,330455720112218603,2020-12-07,,1.0,6498837.0,18.0,,0,0,2,513
2011-06-12,201124,1213.0,1213,1213,1213,0.0,18.6649,0,2,330455720112418603,2020-12-07,,0.0,6498837.0,16.0,,0,0,1,513
2011-06-19,201125,869.0,869,869,869,0.0,13.3716,0,2,330455720112518603,2020-12-07,,0.0,6498837.0,18.0,,0,0,1,513
2011-06-26,201126,734.0,734,734,734,0.0,11.2943,0,2,330455720112618603,2020-12-07,,1.0,6498837.0,17.0,,0,0,1,513
2011-07-10,201128,312.0,312,312,312,0.0,4.80086,0,1,330455720112818603,2020-12-07,,0.0,6498837.0,16.0,,0,0,1,513
2011-07-17,201129,273.0,273,273,273,0.0,4.20075,0,1,330455720112918603,2020-12-07,,1.0,6498837.0,19.0,,0,0,1,513
2011-07-31,201131,210.0,210,210,210,3.18782e-05,3.23135,0,1,330455720113118603,2020-12-07,,1.0,6498837.0,17.0,,0,0,0,513
2011-08-07,201132,192.0,192,192,192,0.000120107,2.95437,0,1,330455720113218603,2020-12-07,,1.0,6498837.0,18.0,,0,0,0,513
2011-08-21,201134,160.0,160,160,160,0.00778601,2.46198,0,1,330455720113418603,2020-12-07,,1.0,6498837.0,18.0,,0,0,0,513
2011-08-28,201135,136.0,136,136,136,0.00112502,2.09268,0,1,330455720113518603,2020-12-07,,1.0,6498837.0,18.0,,0,0,0,513
2011-09-04,201136,144.0,144,144,144,0.0877929,2.21578,0,1,330455720113618603,2020-12-07,,1.0,6498837.0,16.0,,0,0,0,513
2011-10-02,201140,226.0,226,226,226,0.996759,3.47755,0,1,330455720114018603,2020-12-07,,1.0,6498837.0,20.0,,0,1,1,513
2011-10-09,201141,249.0,249,249,249,0.993094,3.83145,0,3,330455720114118603,2020-12-07,,1.0,6498837.0,22.0,,0,1,1,513
2011-10-30,201144,287.0,287,287,287,0.381967,4.41617,0,2,330455720114418603,2020-12-07,,1.0,6498837.0,18.0,,0,0,1,513
2011-11-20,201147,574.0,574,574,574,1.0,8.83235,0,1,330455720114718603,2020-12-07,,2.0,6498837.0,21.0,,0,1,1,513
2011-12-11,201150,936.0,936,936,936,1.0,14.4026,0,3,330455720115018603,2020-12-07,,1.0,6498837.0,22.0,,1,1,1,513
2011-12-18,201151,885.0,885,885,885,0.998642,13.6178,0,3,330455720115118603,2020-12-07,,1.0,6498837.0,23.0,,1,1,1,513
2011-12-25,201152,1495.0,1495,1495,1495,1.0,23.0041,0,3,330455720115218603,2020-12-07,,2.0,6498837.0,22.0,,1,1,1,513
2012-01-15,201203,1391.0,1391,1391,1391,1.0,21.4038,0,2,330455720120318603,2020-12-07,,1.0,6498837.0,24.0,,1,1,1,513
2012-01-22,201204,1809.0,1809,1809,1809,1.0,27.8358,0,3,330455720120418603,2020-12-07,,1.0,6498837.0,23.0,,1,1,1,513
2012-02-12,201207,3058.0,3058,3058,3058,1.0,47.0546,0,4,330455720120718603,2020-12-07,,1.0,6498837.0,23.0,,1,1,2,513
2012-02-26,201209,4910.0,4910,4910,4910,1.0,75.552,0,4,330455720120918603,2020-12-07,,2.0,6498837.0,24.0,,1,1,2,513
2012-03-18,201212,7957.0,7957,7957,7957,1.0,122.437,0,4,330455720121218603,2020-12-07,,1.0,6498837.0,23.0,,1,1,2,513
2012-04-01,201214,8573.0,8573,8573,8573,1.0,131.916,0,4,330455720121418603,2020-12-07,,1.0,6498837.0,23.0,,1,1,2,513
2012-04-08,201215,11537.0,11537,11537,11537,1.0,177.524,0,4,330455720121518603,2020-12-07,,1.0,6498837.0,23.0,,1,1,2,513
2012-04-15,201216,13368.0,13368,13368,13368,1.0,205.698,0,4,330455720121618603,2020-12-07,,1.0,6498837.0,21.0,,0,1,2,513
2012-04-22,201217,14868.0,14868,14868,14868,1.0,228.779,0,4,330455720121718603,2020-12-07,,1.0,6498837.0,21.0,,0,1,2,513
2012-04-29,201218,12617.0,12617,12617,12617,0.0351842,194.142,0,4,330455720121818603,2020-12-07,,1.0,6498837.0,19.0,,0,0,2,513
2012-05-06,201219,13294.0,13294,13294,13294,0.0314897,204.56,0,4,330455720121918603,2020-12-07,,1.0,6498837.0,20.0,,0,0,2,513
2012-05-13,201220,11343.0,11343,11343,11343,0.0,174.539,0,4,330455720122018603,2020-12-07,,1.0,6498837.0,18.0,,0,0,2,513
2012-05-20,201221,10254.0,10254,10254,10254,0.0,157.782,0,4,330455720122118603,2020-12-07,,1.0,6498837.0,18.0,,0,0,2,513
2012-05-27,201222,8927.0,8927,8927,8927,0.0,137.363,0,4,330455720122218603,2020-12-07,,1.0,6498837.0,21.0,,0,0,2,513
2012-06-03,201223,5484.0,5484,5484,5484,0.0,84.3843,0,4,330455720122318603,2020-12-07,,1.0,6498837.0,21.0,,0,0,2,513
2012-06-10,201224,4790.0,4790,4790,4790,0.0,73.7055,0,4,330455720122418603,2020-12-07,,1.0,6498837.0,19.0,,0,0,2,513
2012-06-24,201226,2217.0,2217,2217,2217,0.0,34.1138,0,4,330455720122618603,2020-12-07,,0.0,6498837.0,18.0,,0,0,2,513
2012-07-01,201227,1469.0,1469,1469,1469,0.0,22.604,0,2,330455720122718603,2020-12-07,,0.0,6498837.0,18.0,,0,0,1,513
2012-07-08,201228,992.0,992,992,992,0.0,15.2643,0,2,330455720122818603,2020-12-07,,0.0,6498837.0,17.0,,0,0,1,513
2012-07-15,201229,785.0,785,785,785,0.0,12.0791,0,2,330455720122918603,2020-12-07,,0.0,6498837.0,17.0,,0,0,1,513
2012-07-22,201230,599.0,599,599,599,0.0,9.21703,0,2,330455720123018603,2020-12-07,,1.0,6498837.0,18.0,,0,0,1,513
2012-07-29,201231,573.0,573,573,573,1.9868e-11,8.81696,0,1,330455720123118603,2020-12-07,82.0,1.0,6498837.0,19.0,,0,0,1,513
2012-10-14,201242,224.0,224,224,224,0.937326,3.44677,0,1,330455720124218603,2020-12-07,56.0,1.0,6498837.0,20.0,,0,0,1,513
2012-10-21,201243,224.0,224,224,224,0.867476,3.44677,0,1,330455720124318603,2020-12-07,87.0,1.0,6498837.0,23.0,,1,0,1,513
2012-11-11,201246,187.0,187,187,187,0.14547,2.87744,0,1,330455720124618603,2020-12-07,70.0,1.0,6498837.0,20.0,,0,0,0,513
2012-12-02,201249,315.0,315,315,315,0.999951,4.84702,0,3,330455720124918603,2020-12-07,86.0,1.0,6498837.0,24.0,,1,1,1,513
2012-12-09,201250,349.0,349,349,349,0.99954,5.37019,0,3,330455720125018603,2020-12-07,86.0,1.0,6498837.0,24.0,,1,1,1,513
2012-12-16,201251,354.0,354,354,354,0.961678,5.44713,0,3,330455720125118603,2020-12-07,71.0,1.0,6498837.0,25.0,,1,1,1,513
2012-12-23,201252,332.0,332,332,332,0.454008,5.10861,0,2,330455720125218603,2020-12-07,63.0,1.0,6498837.0,26.0,,1,0,1,513
2012-12-30,201301,436.0,436,436,436,0.999197,6.70889,0,2,330455720130118603,2020-12-07,96.0,1.0,6498837.0,24.0,,1,1,1,513
2013-01-20,201304,898.0,898,898,898,1.0,13.8179,0,3,330455720130418603,2020-12-07,195.0,1.0,6498837.0,23.0,,1,1,1,513
2013-01-27,201305,1156.0,1156,1156,1156,1.0,17.7878,0,3,330455720130518603,2020-12-07,184.0,1.0,6498837.0,23.0,,1,1,1,513
2013-02-03,201306,1131.0,1131,1131,1131,0.999991,17.4031,0,3,330455720130618603,2020-12-07,184.0,1.0,6498837.0,23.0,,1,1,1,513
2013-02-17,201308,2482.0,2482,2482,2482,1.0,38.1914,0,3,330455720130818603,2020-12-07,429.0,2.0,6498837.0,25.0,,1,1,2,513
2013-02-24,201309,3431.0,3431,3431,3431,1.0,52.7941,0,4,330455720130918603,2020-12-07,471.0,2.0,6498837.0,23.0,,1,1,2,513
2013-03-03,201310,3609.0,3609,3609,3609,1.0,55.533,0,4,330455720131018603,2020-12-07,473.0,2.0,6498837.0,24.0,,1,1,2,513
2013-03-10,201311,4818.0,4818,4818,4818,1.0,74.1363,0,4,330455720131118603,2020-12-07,656.0,2.0,6498837.0,24.0,,1,1,2,513
2013-03-24,201313,4767.0,4767,4767,4767,0.998118,73.3516,0,4,330455720131318603,2020-12-07,852.0,1.0,6498837.0,23.0,,1,1,2,513
2013-03-31,201314,6296.0,6296,6296,6296,1.0,96.8789,0,4,330455720131418603,2020-12-07,622.0,1.0,6498837.0,23.0,,1,1,2,513
2013-04-07,201315,6193.0,6193,6193,6193,1.0,95.294,0,4,330455720131518603,2020-12-07,1368.0,1.0,6498837.0,23.0,,1,1,2,513
2013-04-14,201316,6214.0,6214,6214,6214,0.999928,95.6171,0,4,330455720131618603,2020-12-07,780.0,1.0,6498837.0,20.0,,0,1,2,513
2013-04-21,201317,3810.0,3810,3810,3810,0.0,58.6259,0,4,330455720131718603,2020-12-07,601.0,1.0,6498837.0,19.0,,0,0,2,513
2013-05-05,201319,2410.0,2410,2410,2410,0.0,37.0836,0,4,330455720131918603,2020-12-07,368.0,1.0,6498837.0,18.0,,0,0,2,513
2013-05-12,201320,3545.0,3545,3545,3545,0.997988,54.5482,0,4,330455720132018603,2020-12-07,304.0,1.0,6498837.0,19.0,,0,1,2,513
2013-05-19,201321,1514.0,1514,1514,1514,0.0,23.2965,0,2,330455720132118603,2020-12-07,175.0,1.0,6498837.0,20.0,,0,0,1,513
2013-06-02,201323,879.0,879,879,879,0.0,13.5255,0,2,330455720132318603,2020-12-07,164.0,0.0,6498837.0,19.0,,0,0,1,513
2013-06-30,201327,215.0,215,215,215,0.0,3.30828,0,1,330455720132718603,2020-12-07,88.0,0.0,6498837.0,18.0,,0,0,0,513
2013-07-07,201328,205.0,205,205,205,5.21261e-12,3.15441,0,1,330455720132818603,2020-12-07,90.0,1.0,6498837.0,15.0,,0,0,0,513
2013-07-14,201329,209.0,209,209,209,0.00458802,3.21596,0,1,330455720132918603,2020-12-07,84.0,1.0,6498837.0,19.0,,0,0,0,513
2013-07-21,201330,98.0,98,98,98,2.7445e-11,1.50796,0,1,330455720133018603,2020-12-07,57.0,0.0,6498837.0,17.0,,0,0,0,513
2013-09-15,201338,74.0,74,74,74,4.5345e-06,1.13867,0,1,330455720133818603,2020-12-07,115.0,1.0,6498837.0,21.0,,0,0,0,513
2013-09-22,201339,89.0,89,89,89,0.0587874,1.36948,0,1,330455720133918603,2020-12-07,45.0,1.0,6498837.0,20.0,,0,0,0,513
2013-09-29,201340,59.0,59,59,59,0.019865,0.907855,0,1,330455720134018603,2020-12-07,56.0,1.0,6498837.0,21.0,,0,0,0,513
2013-10-06,201341,70.0,70,70,70,0.306484,1.07712,0,1,330455720134118603,2020-12-07,52.0,1.0,6498837.0,17.0,,0,0,0,513
2013-10-13,201342,56.0,56,56,56,0.115482,0.861693,0,1,330455720134218603,2020-12-07,57.0,1.0,6498837.0,20.0,,0,0,0,513
2013-10-20,201343,72.0,72,72,72,0.732098,1.10789,0,1,330455720134318603,2020-12-07,69.0,1.0,6498837.0,23.0,,1,0,0,513
2013-10-27,201344,66.0,66,66,66,0.57493,1.01557,0,1,330455720134418603,2020-12-07,66.0,1.0,6498837.0,20.0,,0,0,0,513
2013-11-03,201345,54.0,54,54,54,0.151196,0.830918,0,1,330455720134518603,2020-12-07,54.0,1.0,6498837.0,19.0,,0,0,0,513
2013-11-10,201346,71.0,71,71,71,0.727421,1.0925,0,1,330455720134618603,2020-12-07,63.0,1.0,6498837.0,22.0,,0,0,0,513
2013-11-17,201347,75.0,75,75,75,0.849743,1.15405,0,1,330455720134718603,2020-12-07,86.0,1.0,6498837.0,21.0,,0,0,0,513
2013-11-24,201348,109.0,109,109,109,0.998612,1.67722,0,1,330455720134818603,2020-12-07,74.0,2.0,6498837.0,22.0,,1,0,0,513
2013-12-01,201349,115.0,115,115,115,0.989035,1.76955,0,1,330455720134918603,2020-12-07,60.0,1.0,6498837.0,23.0,,1,0,0,513
2013-12-08,201350,121.0,121,121,121,0.920899,1.86187,0,2,330455720135018603,2020-12-07,63.0,1.0,6498837.0,23.0,,1,0,0,513
2013-12-15,201351,73.0,73,73,73,0.00306765,1.12328,0,2,330455720135118603,2020-12-07,74.0,1.0,6498837.0,22.0,,1,0,0,513
2013-12-22,201352,69.0,69,69,69,0.00394162,1.06173,0,2,330455720135218603,2020-12-07,61.0,1.0,6498837.0,23.0,,1,0,0,513
2013-12-29,201401,55.0,55,55,55,0.00561641,0.846305,0,2,330455720140118603,2020-12-07,43.0,1.0,6498837.0,25.0,,1,0,0,513
2014-01-05,201402,166.0,166,166,166,1.0,2.5543,0,2,330455720140218603,2020-12-07,77.0,2.0,6498837.0,24.0,,1,0,0,513
2014-01-12,201403,184.0,184,184,184,1.0,2.83128,0,2,330455720140318603,2020-12-07,82.0,2.0,6498837.0,24.0,,1,0,0,513
2014-01-19,201404,162.0,162,162,162,0.927398,2.49275,0,2,330455720140418603,2020-12-07,76.0,1.0,6498837.0,24.0,,1,0,0,513
2014-01-26,201405,106.0,106,106,106,0.000305539,1.63106,0,2,330455720140518603,2020-12-07,91.0,1.0,6498837.0,25.0,,1,0,0,513
2014-02-02,201406,119.0,119,119,119,0.0273929,1.8311,0,2,330455720140618603,2020-12-07,65.0,1.0,6498837.0,25.0,,1,0,0,513
2014-02-09,201407,143.0,143,143,143,0.807941,2.20039,0,2,330455720140718603,2020-12-07,77.0,1.0,6498837.0,25.0,,1,0,0,513
2014-02-16,201408,117.0,117,117,117,0.334354,1.80032,0,2,330455720140818603,2020-12-07,68.0,1.0,6498837.0,22.0,,1,0,0,513
2014-03-02,201410,59.0,59,59,59,1.39906e-05,0.907855,0,2,330455720141018603,2020-12-07,75.0,1.0,6498837.0,23.0,,1,0,0,513
2014-03-09,201411,91.0,91,91,91,0.468521,1.40025,0,2,330455720141118603,2020-12-07,66.0,1.0,6498837.0,24.0,,1,0,0,513
2014-03-16,201412,123.0,123,123,123,0.998374,1.89265,0,2,330455720141218603,2020-12-07,92.0,2.0,6498837.0,24.0,,1,0,0,513
2014-03-23,201413,99.0,99,99,99,0.716155,1.52335,0,1,330455720141318603,2020-12-07,63.0,1.0,6498837.0,22.0,,0,0,0,513
2014-03-30,201414,99.0,99,99,99,0.362697,1.52335,0,1,330455720141418603,2020-12-07,65.0,1.0,6498837.0,23.0,,1,0,0,513
2014-04-06,201415,99.0,99,99,99,0.369213,1.52335,0,1,330455720141518603,2020-12-07,76.0,1.0,6498837.0,22.0,,0,0,0,513
2014-04-13,201416,61.0,61,61,61,0.00165175,0.93863,0,1,330455720141618603,2020-12-07,62.0,1.0,6498837.0,22.0,,0,0,0,513
2014-04-27,201418,79.0,79,79,79,0.654836,1.2156,0,1,330455720141818603,2020-12-07,107.0,1.0,6498837.0,17.0,,0,0,0,513
2014-05-04,201419,99.0,99,99,99,0.98469,1.52335,0,1,330455720141918603,2020-12-07,159.0,1.0,6498837.0,20.0,,0,0,0,513
2014-05-11,201420,84.0,84,84,84,0.638481,1.29254,0,1,330455720142018603,2020-12-07,114.0,1.0,6498837.0,17.0,,0,0,0,513
2014-05-25,201422,49.0,49,49,49,0.000301007,0.753981,0,1,330455720142218603,2020-12-07,80.0,1.0,6498837.0,18.0,,0,0,0,513
2014-06-01,201423,60.0,60,60,60,0.0376476,0.923242,0,1,330455720142318603,2020-12-07,55.0,1.0,6498837.0,19.0,,0,0,0,513
2014-06-08,201424,46.0,46,46,46,0.0301428,0.707819,0,1,330455720142418603,2020-12-07,62.0,1.0,6498837.0,19.0,,0,0,0,513
2014-06-15,201425,53.0,53,53,53,0.402218,0.815531,0,1,330455720142518603,2020-12-07,63.0,1.0,6498837.0,19.0,,0,0,0,513
2014-06-22,201426,63.0,63,63,63,0.844008,0.969404,0,1,330455720142618603,2020-12-07,80.0,1.0,6498837.0,17.0,,0,0,0,513
2014-06-29,201427,52.0,52,52,52,0.430404,0.800143,0,1,330455720142718603,2020-12-07,44.0,1.0,6498837.0,19.0,,0,0,0,513
2014-07-06,201428,47.0,47,47,47,0.190722,0.723206,0,1,330455720142818603,2020-12-07,62.0,1.0,6498837.0,19.0,,0,0,0,513
2014-07-13,201429,49.0,49,49,49,0.342514,0.753981,0,1,330455720142918603,2020-12-07,55.0,1.0,6498837.0,17.0,,0,0,0,513
2014-07-20,201430,36.0,36,36,36,0.0811914,0.553945,0,1,330455720143018603,2020-12-07,60.0,1.0,6498837.0,17.0,,0,0,0,513
2014-07-27,201431,59.0,59,59,59,0.900548,0.907855,0,1,330455720143118603,2020-12-07,64.0,1.0,6498837.0,16.0,,0,0,0,513
2014-08-03,201432,56.0,56,56,56,0.832535,0.861693,0,1,330455720143218603,2020-12-07,64.0,1.0,6498837.0,15.0,,0,0,0,513
2014-08-10,201433,58.0,58,58,58,0.724064,0.892467,0,1,330455720143318603,2020-12-07,42.0,1.0,6498837.0,16.0,,0,0,0,513
2014-08-17,201434,51.0,51,51,51,0.328271,0.784756,0,1,330455720143418603,2020-12-07,47.0,1.0,6498837.0,18.0,,0,0,0,513
2014-08-24,201435,59.0,59,59,59,0.62626,0.907855,0,1,330455720143518603,2020-12-07,81.0,1.0,6498837.0,17.0,,0,0,0,513
2014-08-31,201436,63.0,63,63,63,0.759946,0.969404,0,1,330455720143618603,2020-12-07,53.0,1.0,6498837.0,17.0,,0,0,0,513
2014-09-28,201440,72.0,72,72,72,0.951157,1.10789,0,1,330455720144018603,2020-12-07,65.0,1.0,6498837.0,20.0,,0,0,0,513
2014-10-19,201443,75.0,75,75,75,0.688283,1.15405,0,1,330455720144318603,2020-12-07,88.0,1.0,6498837.0,20.0,,0,0,0,513
2014-11-16,201447,54.0,54,54,54,0.286947,0.830918,0,1,330455720144718603,2020-12-07,50.0,1.0,6498837.0,19.0,,0,0,0,513
2014-11-23,201448,42.0,42,42,42,0.203469,0.64627,0,1,330455720144818603,2020-12-07,46.0,1.0,6498837.0,23.0,,1,0,0,513
2014-12-28,201453,17.0,17,17,17,0.00187651,0.261585,0,2,330455720145318603,2020-12-07,39.0,0.0,6498837.0,25.0,,1,0,0,513
2015-01-11,201502,57.0,57,57,57,0.999454,0.87708,0,2,330455720150218603,2020-12-07,51.0,2.0,6498837.0,26.0,,1,0,0,513
2015-01-18,201503,41.0,41,41,41,0.610926,0.630882,0,2,330455720150318603,2020-12-07,62.0,1.0,6498837.0,25.0,,1,0,0,513
2015-01-25,201504,37.0,37,37,37,0.158348,0.569333,0,2,330455720150418603,2020-12-07,48.0,1.0,6498837.0,24.0,,1,0,0,513
2015-02-08,201506,58.0,58,58,58,0.903372,0.892467,0,1,330455720150618603,2020-12-07,47.0,1.0,6498837.0,25.0,,1,0,0,513
2015-03-08,201510,157.0,157,157,157,0.999985,2.41582,0,2,330455720151018603,2020-12-07,129.0,2.0,6498837.0,24.0,,1,0,0,513
2015-03-22,201512,281.0,281,281,281,1.0,4.32385,0,1,330455720151218603,2020-12-07,146.0,2.0,6498837.0,22.0,,0,1,1,513
2015-05-03,201518,1367.0,1367,1367,1367,1.0,21.0345,0,3,330455720151818603,2020-12-07,598.0,2.0,6498837.0,20.0,,0,1,1,513
2015-05-10,201519,1465.0,1465,1465,1465,1.0,22.5425,0,3,330455720151918603,2020-12-07,408.0,1.0,6498837.0,19.0,,0,1,1,513
2015-05-17,201520,1549.0,1549,1549,1549,0.999999,23.835,0,3,330455720152018603,2020-12-07,310.0,1.0,6498837.0,19.0,,0,1,1,513
2015-05-24,201521,1476.0,1476,1476,1476,0.790678,22.7118,0,2,330455720152118603,2020-12-07,248.0,1.0,6498837.0,20.0,,0,0,1,513
2015-06-07,201523,1127.0,1127,1127,1127,9.30943e-06,17.3416,0,2,330455720152318603,2020-12-07,137.0,1.0,6498837.0,18.0,,0,0,1,513
2015-06-14,201524,957.0,957,957,957,1.23659e-05,14.7257,0,2,330455720152418603,2020-12-07,116.0,1.0,6498837.0,18.0,,0,0,1,513
2015-06-21,201525,779.0,779,779,779,4.585e-10,11.9868,0,1,330455720152518603,2020-12-07,98.0,1.0,6498837.0,17.0,,0,0,1,513
2015-06-28,201526,824.0,824,824,824,0.00193065,12.6792,0,1,330455720152618603,2020-12-07,132.0,1.0,6498837.0,17.0,,0,0,1,513
2015-07-05,201527,374.0,374,374,374,0.0,5.75488,0,1,330455720152718603,2020-12-07,99.0,0.0,6498837.0,18.0,,0,0,1,513
2015-07-19,201529,344.0,344,344,344,2.53618e-08,5.29325,0,1,330455720152918603,2020-12-07,104.0,1.0,6498837.0,19.0,,0,0,1,513
2015-08-02,201531,235.0,235,235,235,1.61299e-05,3.61603,0,1,330455720153118603,2020-12-07,80.0,1.0,6498837.0,18.0,,0,0,1,513
2015-08-09,201532,298.0,298,298,298,0.536763,4.58544,0,1,330455720153218603,2020-12-07,76.0,1.0,6498837.0,17.0,,0,0,1,513
2015-08-16,201533,466.0,466,466,466,1.0,7.17051,0,1,330455720153318603,2020-12-07,79.0,2.0,6498837.0,19.0,,0,1,1,513
2015-08-23,201534,201.0,201,201,201,1.53392e-07,3.09286,0,1,330455720153418603,2020-12-07,59.0,1.0,6498837.0,19.0,,0,0,0,513
2015-08-30,201535,263.0,263,263,263,0.00160986,4.04688,0,1,330455720153518603,2020-12-07,84.0,1.0,6498837.0,18.0,,0,0,1,513
2015-09-06,201536,139.0,139,139,139,1.14286e-12,2.13884,0,1,330455720153618603,2020-12-07,103.0,0.0,6498837.0,19.0,,0,0,0,513
2015-09-13,201537,149.0,149,149,149,7.38716e-05,2.29272,0,1,330455720153718603,2020-12-07,88.0,1.0,6498837.0,20.0,,0,0,0,513
2015-09-20,201538,113.0,113,113,113,0.000141325,1.73877,0,1,330455720153818603,2020-12-07,51.0,1.0,6498837.0,22.0,,0,0,0,513
2015-09-27,201539,145.0,145,145,145,0.537563,2.23117,0,1,330455720153918603,2020-12-07,59.0,1.0,6498837.0,22.0,,1,0,0,513
2015-10-04,201540,126.0,126,126,126,0.36057,1.93881,0,1,330455720154018603,2020-12-07,77.0,1.0,6498837.0,19.0,,0,0,0,513
2015-10-11,201541,91.0,91,91,91,0.00478284,1.40025,0,1,330455720154118603,2020-12-07,63.0,1.0,6498837.0,23.0,,1,0,0,513
2015-10-18,201542,123.0,123,123,123,0.556298,1.89265,0,1,330455720154218603,2020-12-07,133.0,1.0,6498837.0,21.0,,0,0,0,513
2015-10-25,201543,140.0,140,140,140,0.958868,2.15423,0,1,330455720154318603,2020-12-07,90.0,1.0,6498837.0,21.0,,0,0,0,513
2015-11-01,201544,133.0,133,133,133,0.800741,2.04652,0,1,330455720154418603,2020-12-07,162.0,1.0,6498837.0,23.0,,1,0,0,513
2015-11-15,201546,176.0,176,176,176,0.923801,2.70818,0,2,330455720154618603,2020-12-07,85.0,1.0,6498837.0,23.0,,1,0,0,513
2015-12-06,201549,307.0,307,307,307,0.999992,4.72392,0,3,330455720154918603,2020-12-07,900.0,1.0,6498837.0,23.0,,1,1,1,513
2015-12-20,201551,332.0,332,332,332,0.45799,5.10861,0,2,330455720155118603,2020-12-07,264.0,1.0,6498837.0,25.0,,1,0,1,513
2015-12-27,201552,374.0,374,374,374,0.182158,5.75488,0,2,330455720155218603,2020-12-07,248.0,1.0,6498837.0,25.0,,1,0,1,513
2016-01-31,201605,528.0,528,528,528,0.567635,8.12453,0,2,330455720160518603,2020-12-07,469.0,1.0,6498837.0,25.0,,1,0,1,513
2016-02-21,201608,846.0,846,846,846,1.0,13.0177,0,3,330455720160818603,2020-12-07,491.0,2.0,6498837.0,25.0,,1,1,1,513
2016-02-28,201609,1020.0,1020,1020,1020,1.0,15.6951,0,3,330455720160918603,2020-12-07,417.0,1.0,6498837.0,24.0,,1,1,1,513
2016-03-13,201611,1588.0,1588,1588,1588,1.0,24.4351,0,3,330455720161118603,2020-12-07,418.0,2.0,6498837.0,23.0,,1,1,1,513
2016-03-20,201612,1483.0,1483,1483,1483,1.0,22.8195,0,3,330455720161218603,2020-12-07,905.0,1.0,6498837.0,24.0,,1,1,1,513
2016-04-10,201615,2991.0,2991,2991,2991,1.0,46.0236,0,4,330455720161518603,2020-12-07,240.0,1.0,6498837.0,24.0,,1,1,2,513
2016-04-17,201616,2110.0,2110,2110,2110,0.0,32.4673,0,4,330455720161618603,2020-12-07,126.0,1.0,6498837.0,23.0,,1,0,2,513
2016-07-10,201628,231.0,231,231,231,0.014797,3.55448,0,1,330455720162818603,2020-12-07,28.0,1.0,6498837.0,18.0,,0,0,1,513
2016-07-17,201629,169.0,169,169,169,1.71351e-05,2.60047,0,1,330455720162918603,2020-12-07,41.0,1.0,6498837.0,16.0,,0,0,0,513
2016-07-24,201630,171.0,171,171,171,0.00359795,2.63124,0,1,330455720163018603,2020-12-07,64.0,1.0,6498837.0,17.0,,0,0,0,513
2016-08-21,201634,81.0,81,81,81,0.096616,1.24638,0,1,330455720163418603,2020-12-07,17.0,1.0,6498837.0,16.0,,0,0,0,513
2016-08-28,201635,62.0,62,62,62,0.00781701,0.954017,0,1,330455720163518603,2020-12-07,27.0,1.0,6498837.0,19.0,,0,0,0,513
2016-09-04,201636,55.0,55,55,55,0.0133251,0.846305,0,1,330455720163618603,2020-12-07,24.0,1.0,6498837.0,21.0,,0,0,0,513
2016-09-25,201639,40.0,40,40,40,0.107392,0.615495,0,1,330455720163918603,2020-12-07,16.0,1.0,6498837.0,18.0,,0,0,0,513
2016-10-09,201641,41.0,41,41,41,0.396017,0.630882,0,1,330455720164118603,2020-12-07,22.0,1.0,6498837.0,21.0,,0,0,0,513
2016-10-23,201643,59.0,59,59,59,0.908902,0.907855,0,1,330455720164318603,2020-12-07,16.0,1.0,6498837.0,21.0,,0,0,0,513
2016-10-30,201644,43.0,43,43,43,0.137563,0.661657,0,1,330455720164418603,2020-12-07,35.0,1.0,6498837.0,21.0,,0,0,0,513
2016-11-20,201647,87.0,87,87,87,0.995151,1.3387,0,1,330455720164718603,2020-12-07,26.0,2.0,6498837.0,20.0,,0,0,0,513
2016-11-27,201648,144.0,144,144,144,1.0,2.21578,0,1,330455720164818603,2020-12-07,36.0,2.0,6498837.0,22.0,,1,0,0,513
2016-12-25,201652,156.0,156,156,156,0.991682,2.40043,0,2,330455720165218603,2020-12-07,13.0,1.0,6498837.0,26.0,,1,0,0,513
2017-01-08,201702,176.0,176,176,176,0.934219,2.70818,0,2,330455720170218603,2020-12-07,34.0,1.0,6498837.0,25.0,,1,0,0,513
2017-01-29,201705,247.0,247,247,247,0.920271,3.80068,0,2,330455720170518603,2020-12-07,40.0,1.0,6498837.0,24.0,,1,0,1,513
2017-02-05,201706,260.0,260,260,260,0.659903,4.00072,0,2,330455720170618603,2020-12-07,35.0,1.0,6498837.0,24.0,,1,0,1,513
2017-02-12,201707,247.0,247,247,247,0.309008,3.80068,0,2,330455720170718603,2020-12-07,39.0,1.0,6498837.0,24.0,,1,0,1,513
2017-02-19,201708,174.0,174,174,174,0.000113698,2.6774,0,2,330455720170818603,2020-12-07,34.0,1.0,6498837.0,24.0,,1,0,0,513
2017-02-26,201709,90.0,90,90,90,9.76996e-15,1.38486,0,2,330455720170918603,2020-12-07,26.0,0.0,6498837.0,24.0,,1,0,0,513
2017-03-05,201710,171.0,171,171,171,0.407174,2.63124,0,2,330455720171018603,2020-12-07,21.0,1.0,6498837.0,25.0,,1,0,0,513
2017-03-12,201711,153.0,153,153,153,0.736148,2.35427,0,2,330455720171118603,2020-12-07,28.0,1.0,6498837.0,24.0,,1,0,0,513
2017-03-26,201713,128.0,128,128,128,0.0946707,1.96958,0,1,330455720171318603,2020-12-07,41.0,1.0,6498837.0,21.0,,0,0,0,513
2017-04-09,201715,93.0,93,93,93,0.00863953,1.43103,0,1,330455720171518603,2020-12-07,13.0,1.0,6498837.0,22.0,,1,0,0,513
2017-04-16,201716,115.0,115,115,115,0.504309,1.76955,0,1,330455720171618603,2020-12-07,20.0,1.0,6498837.0,21.0,,0,0,0,513
2017-05-07,201719,98.0,98,98,98,0.370612,1.50796,0,1,330455720171918603,2020-12-07,14.0,1.0,6498837.0,19.0,,0,0,0,513
2017-05-21,201721,41.0,41,41,41,1.09904e-05,0.630882,0,1,330455720172118603,2020-12-07,31.0,0.0,6498837.0,19.0,,0,0,0,513
2017-06-11,201724,47.0,47,47,47,0.112404,0.723206,0,1,330455720172418603,2020-12-07,12.0,1.0,6498837.0,18.0,,0,0,0,513
2017-06-18,201725,36.0,36,36,36,0.00667336,0.553945,0,1,330455720172518603,2020-12-07,14.0,1.0,6498837.0,19.0,,0,0,0,513
2017-06-25,201726,36.0,36,36,36,0.056921,0.553945,0,1,330455720172618603,2020-12-07,17.0,1.0,6498837.0,17.0,,0,0,0,513
2017-07-02,201727,36.0,36,36,36,0.298114,0.553945,0,1,330455720172718603,2020-12-07,15.0,1.0,6498837.0,16.0,,0,0,0,513
2017-07-09,201728,33.0,33,33,33,0.339145,0.507783,0,1,330455720172818603,2020-12-07,14.0,1.0,6498837.0,17.0,,0,0,0,513
2017-07-16,201729,40.0,40,40,40,0.703788,0.615495,0,1,330455720172918603,2020-12-07,13.0,1.0,6498837.0,18.0,,0,0,0,513
2017-07-30,201731,42.0,42,42,42,0.703352,0.64627,0,1,330455720173118603,2020-12-07,12.0,1.0,6498837.0,17.0,,0,0,0,513
2017-08-06,201732,33.0,33,33,33,0.262672,0.507783,0,1,330455720173218603,2020-12-07,13.0,1.0,6498837.0,17.0,,0,0,0,513
2017-08-13,201733,27.0,27,27,27,0.0943365,0.415459,0,1,330455720173318603,2020-12-07,13.0,1.0,6498837.0,19.0,,0,0,0,513
2017-08-20,201734,20.0,20,20,20,0.034065,0.307747,0,1,330455720173418603,2020-12-07,15.0,1.0,6498837.0,18.0,,0,0,0,513
2017-08-27,201735,36.0,36,36,36,0.844003,0.553945,0,1,330455720173518603,2020-12-07,22.0,1.0,6498837.0,18.0,,0,0,0,513
2017-09-03,201736,18.0,18,18,18,0.106677,0.276973,0,1,330455720173618603,2020-12-07,13.0,1.0,6498837.0,16.0,,0,0,0,513
2017-09-17,201738,58.0,58,58,58,0.999553,0.892467,0,1,330455720173818603,2020-12-07,22.0,2.0,6498837.0,18.0,,0,0,0,513
2017-10-01,201740,54.0,54,54,54,0.664536,0.830918,0,1,330455720174018603,2020-12-07,15.0,1.0,6498837.0,19.0,,0,0,0,513
2017-10-08,201741,43.0,43,43,43,0.0957832,0.661657,0,1,330455720174118603,2020-12-07,7.0,1.0,6498837.0,20.0,,0,0,0,513
2017-10-29,201744,44.0,44,44,44,0.122096,0.677044,0,1,330455720174418603,2020-12-07,22.0,1.0,6498837.0,22.0,,1,0,0,513
2017-11-05,201745,51.0,51,51,51,0.318334,0.784756,0,1,330455720174518603,2020-12-07,30.0,1.0,6498837.0,23.0,,1,0,0,513
2017-11-12,201746,48.0,48,48,48,0.372683,0.738594,0,2,330455720174618603,2020-12-07,31.0,1.0,6498837.0,24.0,,1,0,0,513
2017-11-19,201747,57.0,57,57,57,0.771499,0.87708,0,2,330455720174718603,2020-12-07,16.0,1.0,6498837.0,22.0,,1,0,0,513
2017-11-26,201748,66.0,66,66,66,0.910417,1.01557,0,2,330455720174818603,2020-12-07,22.0,1.0,6498837.0,23.0,,1,0,0,513
2017-12-24,201752,58.0,58,58,58,0.129014,0.892467,0,2,330455720175218603,2020-12-07,20.0,1.0,6498837.0,25.0,,1,0,0,513
2018-02-11,201807,59.0,59,59,59,5.75832e-05,0.907855,0,2,330455720180718603,2020-12-07,29.0,1.0,6498837.0,25.0,,1,0,0,513
2018-02-25,201809,180.0,180,180,180,0.999999,2.76973,0,2,330455720180918603,2020-12-07,15.0,2.0,6498837.0,25.0,,1,0,0,513
2018-03-11,201811,176.0,176,176,176,0.849205,2.70818,0,2,330455720181118603,2020-12-07,21.0,1.0,6498837.0,25.0,,1,0,0,513
2018-03-18,201812,189.0,189,189,189,0.804087,2.90821,0,2,330455720181218603,2020-12-07,31.0,1.0,6498837.0,25.0,,1,0,0,513
2018-03-25,201813,202.0,202,202,202,0.878545,3.10825,0,2,330455720181318603,2020-12-07,21.0,1.0,6498837.0,24.0,,1,0,0,513
2018-04-01,201814,267.0,267,267,267,0.999798,4.10843,0,2,330455720181418603,2020-12-07,44.0,1.0,6498837.0,24.0,,1,1,1,513
2018-04-22,201817,241.0,241,241,241,0.0312831,3.70836,0,2,330455720181718603,2020-12-07,25.0,1.0,6498837.0,22.0,,1,0,1,513
2018-04-29,201818,296.0,296,296,296,0.865661,4.55466,0,2,330455720181818603,2020-12-07,23.0,1.0,6498837.0,21.0,,0,0,1,513
2018-05-06,201819,336.0,336,336,336,0.998122,5.17016,0,2,330455720181918603,2020-12-07,20.0,1.0,6498837.0,21.0,,0,1,1,513
2018-05-13,201820,362.0,362,362,362,0.996899,5.57023,0,3,330455720182018603,2020-12-07,49.0,1.0,6498837.0,21.0,,0,1,1,513
2018-05-27,201822,182.0,182,182,182,3.17718e-10,2.8005,0,2,330455720182218603,2020-12-07,17.0,1.0,6498837.0,18.0,,0,0,0,513
2018-06-03,201823,231.0,231,231,231,0.0285011,3.55448,0,2,330455720182318603,2020-12-07,12.0,1.0,6498837.0,20.0,,0,0,1,513
2018-06-10,201824,188.0,188,188,188,0.0290588,2.89283,0,2,330455720182418603,2020-12-07,,1.0,6498837.0,20.0,,0,0,0,513
2018-06-17,201825,216.0,216,216,216,0.616372,3.32367,0,1,330455720182518603,2020-12-07,8.0,1.0,6498837.0,19.0,,0,0,0,513
2018-07-08,201828,176.0,176,176,176,0.0452675,2.70818,0,1,330455720182818603,2020-12-07,15.0,1.0,6498837.0,17.0,,0,0,0,513
2018-07-15,201829,168.0,168,168,168,0.0964808,2.58508,0,1,330455720182918603,2020-12-07,11.0,1.0,6498837.0,18.0,,0,0,0,513
2018-07-29,201831,116.0,116,116,116,0.0028864,1.78493,0,1,330455720183118603,2020-12-07,17.0,1.0,6498837.0,19.0,,0,0,0,513
2018-08-12,201833,115.0,115,115,115,0.243642,1.76955,0,1,330455720183318603,2020-12-07,3.0,1.0,6498837.0,18.0,,0,0,0,513
2018-08-26,201835,82.0,82,82,82,0.0569989,1.26176,0,1,330455720183518603,2020-12-07,2.0,1.0,6498837.0,18.0,,0,0,0,513
2018-09-09,201837,64.0,64,64,64,0.234421,0.984792,0,1,330455720183718603,2020-12-07,,1.0,6498837.0,19.0,,0,0,0,513
2018-09-16,201838,64.0,64,64,64,0.554883,0.984792,0,1,330455720183818603,2020-12-07,,1.0,6498837.0,21.0,,0,0,0,513
2018-09-23,201839,65.0,65,65,65,0.642611,1.00018,0,1,330455720183918603,2020-12-07,,1.0,6498837.0,23.0,,1,0,0,513
2018-10-07,201841,45.0,45,45,45,0.12601,0.692432,0,1,330455720184118603,2020-12-07,,1.0,6498837.0,22.0,,0,0,0,513
2018-10-14,201842,57.0,57,57,57,0.805607,0.87708,0,1,330455720184218603,2020-12-07,,1.0,6498837.0,21.0,,0,0,0,513
2018-10-21,201843,71.0,71,71,71,0.981633,1.0925,0,1,330455720184318603,2020-12-07,,1.0,6498837.0,21.0,,0,0,0,513
2018-11-04,201845,65.0,65,65,65,0.443717,1.00018,0,1,330455720184518603,2020-12-07,,1.0,6498837.0,21.0,,0,0,0,513
2018-11-11,201846,71.0,71,71,71,0.522102,1.0925,0,1,330455720184618603,2020-12-07,,1.0,6498837.0,23.0,,1,0,0,513
2018-11-18,201847,61.0,61,61,61,0.243706,0.93863,0,1,330455720184718603,2020-12-07,,1.0,6498837.0,22.0,,0,0,0,513
2018-12-02,201849,133.0,133,133,133,0.999979,2.04652,0,1,330455720184918603,2020-12-07,,2.0,6498837.0,22.0,,1,0,0,513
2018-12-09,201850,149.0,149,149,149,0.999717,2.29272,0,1,330455720185018603,2020-12-07,,2.0,6498837.0,22.0,,0,0,0,513
2018-12-16,201851,132.0,132,132,132,0.737781,2.03113,0,1,330455720185118603,2020-12-07,,1.0,6498837.0,26.0,,1,0,0,513
2019-01-06,201902,194.0,194,194,194,0.998091,2.98515,0,2,330455720190218603,2020-12-07,23.0,1.0,6498837.0,25.0,,1,0,0,513
2019-01-13,201903,200.0,200,200,200,0.986857,3.07747,0,2,330455720190318603,2020-12-07,25.0,1.0,6498837.0,25.0,,1,0,0,513
2019-01-20,201904,217.0,217,217,217,0.961734,3.33906,0,2,330455720190418603,2020-12-07,18.0,1.0,6498837.0,25.0,,1,0,0,513
2019-02-03,201906,136.0,136,136,136,0.00042935,2.09268,0,2,330455720190618603,2020-12-07,26.0,1.0,6498837.0,23.0,,1,0,0,513
2019-02-24,201909,185.0,185,185,185,0.46791,2.84666,0,2,330455720190918603,2020-12-07,213.0,1.0,6498837.0,25.0,,1,0,0,513
2019-03-03,201910,153.0,153,153,153,0.0159088,2.35427,0,2,330455720191018603,2020-12-07,32.0,1.0,6498837.0,25.0,,1,0,0,513
2019-03-17,201912,477.0,477,477,477,1.0,7.33977,0,3,330455720191218603,2020-12-07,75.0,2.0,6498837.0,24.0,,1,1,1,513
2019-03-24,201913,682.0,682,682,682,1.0,10.4942,0,3,330455720191318603,2020-12-07,72.0,2.0,6498837.0,23.0,,1,1,1,513
2019-04-07,201915,1195.0,1195,1195,1195,1.0,18.3879,0,3,330455720191518603,2020-12-07,72.0,2.0,6498837.0,24.0,,1,1,1,513
2019-04-14,201916,1113.0,1113,1113,1113,0.999665,17.1261,0,3,330455720191618603,2020-12-07,153.0,1.0,6498837.0,23.0,,1,1,1,513
2019-04-21,201917,1405.0,1405,1405,1405,1.0,21.6193,0,3,330455720191718603,2020-12-07,108.0,1.0,6498837.0,23.0,,1,1,1,513
2019-04-28,201918,1528.0,1528,1528,1528,1.0,23.5119,0,3,330455720191818603,2020-12-07,362.0,1.0,6498837.0,23.0,,1,1,1,513
2019-05-05,201919,1688.0,1688,1688,1688,1.0,25.9739,0,3,330455720191918603,2020-12-07,385.0,1.0,6498837.0,23.0,,1,1,1,513
2019-05-12,201920,1780.0,1780,1780,1780,0.999997,27.3895,0,3,330455720192018603,2020-12-07,188.0,1.0,6498837.0,22.0,,1,1,1,513
2019-05-19,201921,1657.0,1657,1657,1657,0.587694,25.4969,0,2,330455720192118603,2020-12-07,554.0,1.0,6498837.0,21.0,,0,0,1,513
2019-06-02,201923,1126.0,1126,1126,1126,0.0,17.3262,0,2,330455720192318603,2020-12-07,71.0,1.0,6498837.0,19.0,,0,0,1,513
2019-06-09,201924,882.0,882,882,882,0.0,13.5717,0,2,330455720192418603,2020-12-07,92.0,1.0,6498837.0,19.0,,0,0,1,513
2019-06-23,201926,735.0,735,735,735,5.45269e-06,11.3097,0,1,330455720192618603,2020-12-07,76.0,1.0,6498837.0,20.0,,0,0,1,513
2019-07-21,201930,172.0,172,172,172,0.0,2.64663,0,1,330455720193018603,2020-12-07,46.0,0.0,6498837.0,17.0,,0,0,0,513
2019-12-08,201950,53.0,53,53,53,0.179736,0.815531,0,1,330455720195018617,2020-12-21,24.0,1.0,6498837.0,22.0,,0,0,0,513
2020-01-05,202002,102.0,102,102,102,0.999775,1.56951,0,2,330455720200218640,2021-01-13,13.0,2.0,6498837.0,24.0,,1,0,0,513
2019-07-28,201931,215.0,215,215,215,0.000118826,3.30828,0,1,330455720193118603,2020-12-07,23.0,1.0,6498837.0,19.0,,0,0,0,513
2019-08-11,201933,127.0,127,127,127,0.00031438,1.9542,0,1,330455720193318603,2020-12-07,21.0,1.0,6498837.0,17.0,,0,0,0,513
2019-08-18,201934,152.0,152,152,152,0.312854,2.33888,0,1,330455720193418603,2020-12-07,23.0,1.0,6498837.0,18.0,,0,0,0,513
2019-08-25,201935,127.0,127,127,127,0.171753,1.9542,0,1,330455720193518603,2020-12-07,17.0,1.0,6498837.0,18.0,,0,0,0,513
2019-09-01,201936,57.0,57,57,57,6.99037e-09,0.87708,0,1,330455720193618603,2020-12-07,54.0,0.0,6498837.0,19.0,,0,0,0,513
2019-09-15,201938,91.0,91,91,91,0.712048,1.40025,0,1,330455720193818603,2020-12-07,29.0,1.0,6498837.0,21.0,,0,0,0,513
2019-09-22,201939,62.0,62,62,62,0.154048,0.954017,0,1,330455720193918603,2020-12-07,21.0,1.0,6498837.0,19.0,,0,0,0,513
2019-11-03,201945,64.0,64,64,64,0.605143,0.984792,0,1,330455720194518603,2020-12-07,46.0,1.0,6498837.0,23.0,,1,0,0,513
2019-11-24,201948,81.0,81,81,81,0.979488,1.24638,0,1,330455720194818603,2020-12-07,17.0,1.0,6498837.0,20.0,,0,0,0,513
2019-12-01,201949,48.0,48,48,48,0.121489,0.738594,0,1,330455720194918603,2020-12-07,41.0,1.0,6498837.0,22.0,,0,0,0,513
2020-01-26,202005,78.0,78,78,78,0.0695499,1.20021,0,1,330455720200518671,2021-02-13,60.0,1.0,6498837.0,24.0,,1,0,0,513
2020-09-06,202037,12.0,12,12,12,0.649158,0.177835,0,1,330455720203718773,2021-05-26,15.0,1.0,6747815.0,22.0,,0,0,0,513
2020-09-13,202038,13.0,13,13,13,0.664464,0.192655,0,1,330455720203818773,2021-05-26,14.0,1.0,6747815.0,21.0,,0,0,0,513
2020-09-20,202039,12.0,12,12,12,0.514633,0.177835,0,1,330455720203918773,2021-05-26,17.0,1.0,6747815.0,20.0,,0,0,0,513
2020-12-27,202053,9.0,9,9,9,0.570307,0.133377,0,2,330455720205318773,2021-05-26,2.0,1.0,6747815.0,24.0,,1,0,0,513
2021-01-03,202101,9.0,9,9,9,0.642163,0.133377,0,2,330455720210118773,2021-05-26,23.0,1.0,6747815.0,24.0,,1,0,0,513
2021-01-10,202102,11.0,11,11,11,0.736372,0.163016,0,2,330455720210218773,2021-05-26,20.0,1.0,6747815.0,24.0,,1,0,0,513
2021-01-17,202103,14.0,14,14,14,0.825699,0.207475,0,2,330455720210318773,2021-05-26,26.0,1.0,6747815.0,24.0,,1,0,0,513
2021-01-24,202104,30.0,30,30,30,0.997716,0.444588,0,2,330455720210418773,2021-05-26,28.0,2.0,6747815.0,25.0,,1,0,0,513
2021-01-31,202105,18.0,18,18,18,0.567613,0.266753,0,2,330455720210518773,2021-05-26,25.0,1.0,6747815.0,24.0,,1,0,0,513
2010-10-03,201040,42.0,42,42,42,0.002126,0.64627,0,1,330455720104018603,2020-12-07,,1.0,6498837.0,19.0,,0,0,0,513
2010-12-12,201050,222.0,222,222,222,1.0,3.416,0,2,330455720105018603,2020-12-07,,2.0,6498837.0,24.0,,1,1,1,513
2011-07-03,201127,470.0,470,470,470,0.0,7.23206,0,1,330455720112718603,2020-12-07,,1.0,6498837.0,15.0,,0,0,1,513
2015-03-15,201511,207.0,207,207,207,0.999996,3.18519,0,2,330455720151118603,2020-12-07,137.0,2.0,6498837.0,23.0,,1,0,0,513
2011-04-10,201115,6539.0,6539,6539,6539,1.0,100.618,0,4,330455720111518603,2020-12-07,,1.0,6498837.0,23.0,,1,1,2,513
2011-09-18,201138,165.0,165,165,165,0.864123,2.53892,0,1,330455720113818603,2020-12-07,,1.0,6498837.0,18.0,,0,0,0,513
2011-11-13,201146,308.0,308,308,308,0.525851,4.73931,0,2,330455720114618603,2020-12-07,,1.0,6498837.0,21.0,,0,0,1,513
2012-01-08,201202,1179.0,1179,1179,1179,0.747481,18.1417,0,2,330455720120218603,2020-12-07,,1.0,6498837.0,23.0,,1,0,1,513
2012-09-09,201237,372.0,372,372,372,0.975393,5.7241,0,1,330455720123718603,2020-12-07,72.0,1.0,6498837.0,20.0,,0,1,1,513
2013-08-18,201334,69.0,69,69,69,1.32424e-06,1.06173,0,1,330455720133418603,2020-12-07,74.0,1.0,6498837.0,18.0,,0,0,0,513
2014-11-09,201446,47.0,47,47,47,0.00389581,0.723206,0,1,330455720144618603,2020-12-07,47.0,1.0,6498837.0,21.0,,0,0,0,513
2016-05-08,201619,1458.0,1458,1458,1458,0.0,22.4348,0,2,330455720161918603,2020-12-07,90.0,1.0,6498837.0,21.0,,0,0,1,513
2016-09-18,201638,59.0,59,59,59,0.606694,0.907855,0,1,330455720163818603,2020-12-07,20.0,1.0,6498837.0,19.0,,0,0,0,513
2018-02-04,201806,125.0,125,125,125,0.805033,1.92342,0,2,330455720180618603,2020-12-07,29.0,1.0,6498837.0,23.0,,1,0,0,513
2018-09-02,201836,48.0,48,48,48,0.000384445,0.738594,0,1,330455720183618603,2020-12-07,5.0,1.0,6498837.0,19.0,,0,0,0,513
2019-06-30,201927,570.0,570,570,570,6.55385e-07,8.7708,0,1,330455720192718603,2020-12-07,84.0,1.0,6498837.0,20.0,,0,0,1,513
2010-01-10,201002,46.0,46,46,46,0.0,0.707819,0,1,330455720100218603,2020-12-07,,0.0,6498837.0,24.0,,1,0,0,513
2010-01-31,201005,58.0,58,58,58,0.0,0.892467,0,2,330455720100518603,2020-12-07,,0.0,6498837.0,25.0,,1,0,0,513
2010-02-07,201006,58.0,58,58,58,0.850543,0.892467,0,2,330455720100618603,2020-12-07,,1.0,6498837.0,25.0,,1,0,0,513
2010-02-14,201007,40.0,40,40,40,0.0800178,0.615495,0,2,330455720100718603,2020-12-07,,1.0,6498837.0,25.0,,1,0,0,513
2010-02-21,201008,62.0,62,62,62,0.7978,0.954017,0,2,330455720100818603,2020-12-07,,1.0,6498837.0,24.0,,1,0,0,513
2010-02-28,201009,76.0,76,76,76,0.981681,1.16944,0,1,330455720100918603,2020-12-07,,1.0,6498837.0,22.0,,0,0,0,513
2010-03-14,201011,70.0,70,70,70,0.494679,1.07712,0,1,330455720101118603,2020-12-07,,1.0,6498837.0,23.0,,1,0,0,513
2010-03-21,201012,78.0,78,78,78,0.634074,1.20021,0,2,330455720101218603,2020-12-07,,1.0,6498837.0,24.0,,1,0,0,513
2010-03-28,201013,81.0,81,81,81,0.708279,1.24638,0,2,330455720101318603,2020-12-07,,1.0,6498837.0,23.0,,1,0,0,513
2010-04-04,201014,70.0,70,70,70,0.311033,1.07712,0,1,330455720101418603,2020-12-07,,1.0,6498837.0,20.0,,0,0,0,513
2010-04-25,201017,98.0,98,98,98,0.806202,1.50796,0,1,330455720101718603,2020-12-07,,1.0,6498837.0,21.0,,0,0,0,513
2010-05-16,201020,102.0,102,102,102,0.261509,1.56951,0,1,330455720102018603,2020-12-07,,1.0,6498837.0,19.0,,0,0,0,513
2010-05-23,201021,124.0,124,124,124,0.75523,1.90803,0,1,330455720102118603,2020-12-07,,1.0,6498837.0,19.0,,0,0,0,513
2012-09-16,201238,271.0,271,271,271,0.20818,4.16998,0,1,330455720123818603,2020-12-07,62.0,1.0,6498837.0,21.0,,0,0,1,513
2012-09-23,201239,190.0,190,190,190,8.94874e-07,2.9236,0,1,330455720123918603,2020-12-07,49.0,1.0,6498837.0,17.0,,0,0,0,513
2012-09-30,201240,173.0,173,173,173,3.83783e-06,2.66201,0,1,330455720124018603,2020-12-07,52.0,1.0,6498837.0,19.0,,0,0,0,513
2016-05-15,201620,1476.0,1476,1476,1476,7.78604e-09,22.7118,0,2,330455720162018603,2020-12-07,119.0,1.0,6498837.0,20.0,,0,0,1,513
2016-05-22,201621,948.0,948,948,948,0.0,14.5872,0,2,330455720162118603,2020-12-07,51.0,1.0,6498837.0,18.0,,0,0,1,513
2016-05-29,201622,594.0,594,594,594,0.0,9.1401,0,1,330455720162218603,2020-12-07,37.0,0.0,6498837.0,20.0,,0,0,1,513
2016-06-05,201623,757.0,757,757,757,1.49843e-09,11.6482,0,1,330455720162318603,2020-12-07,47.0,1.0,6498837.0,18.0,,0,0,1,513
2016-06-12,201624,461.0,461,461,461,0.0,7.09358,0,1,330455720162418603,2020-12-07,26.0,1.0,6498837.0,14.0,,0,0,1,513
