data_medicao;precipitacao_total_mensal(mm);temperatura_maxima_media_mensal(°c);temperatura_media_compensada_mensal(°c);temperatura_minima_media_mensal(°c);umidade_relativa_do_ar_media_mensal(%);cidade;estado;casos;pop;year;month
2010-01-01;70,9;31,880645;27,830968;24,296774;76,870968;fortaleza;CE;328.0;2609716.0;2010;1
2010-01-01;436,9;26,812903;21,652903;18,687097;84,379032;curitiba;PR;61.0;1893997.0;2010;1
2010-01-01;291,5;29,783871;24,517419;20,270968;62,306452;belo_horizonte;MG;2017.0;2513451.0;2010;1
2010-01-01;287,5;36,158065;29,969677;25,23871;67,169355;rio_de_janeiro;RJ;215.0;6498837.0;2010;1
2010-01-01;152,8;31,390323;24,474615;19,161538;70,528846;divinopolis;MG;190.0;232945.0;2010;1
2010-01-01;273,6;28,893548;21,822581;16,935484;78,717742;barbacena;MG;0.0;135829.0;2010;1
2010-01-01;243,9;29,983871;24,909032;21,26129;82,104839;maringa;PR;302.0;403063.0;2010;1
2010-02-01;74;28,975;21,891429;16,946429;75,651786;barbacena;MG;1.0;135829.0;2010;2
2010-02-01;80,9;32,446429;25,264286;19,253571;62,3125;divinopolis;MG;530.0;232945.0;2010;2
2010-02-01;87,3;36,589286;30,481429;26,196429;62,75;rio_de_janeiro;RJ;236.0;6498837.0;2010;2
2010-02-01;190;31,357143;25,861429;21,832143;76,508929;maringa;PR;1399.0;403063.0;2010;2
2010-02-01;71;30,353571;25,125714;20,914286;57,544643;belo_horizonte;MG;3764.0;2513451.0;2010;2
2010-02-01;76,2;32,414286;28,438571;25,271429;77,294643;fortaleza;CE;269.0;2609716.0;2010;2
2010-02-01;178,7;28,192857;22,837857;19,414286;78,241071;curitiba;PR;63.0;1893997.0;2010;2
2010-03-01;235,5;30,658065;23,965806;19,063333;72,806452;divinopolis;MG;1127.0;232945.0;2010;3
2010-03-01;234,7;32,403226;28,245161;24,893548;78,008065;fortaleza;CE;318.0;2609716.0;2010;3
2010-03-01;325,7;33,216129;27,68;24,158065;73,451613;rio_de_janeiro;RJ;306.0;6498837.0;2010;3
2010-03-01;247,9;28,793548;23,977419;20,406452;68,008065;belo_horizonte;MG;9284.0;2513451.0;2010;3
2010-03-01;277;27,632258;20,789677;16,403226;83,274194;barbacena;MG;2.0;135829.0;2010;3
2010-03-01;128,8;30,806452;24,822581;19,987097;71,435484;maringa;PR;1924.0;403063.0;2010;3
2010-03-01;208,8;25,932258;20,649032;17,312903;81,983871;curitiba;PR;53.0;1893997.0;2010;3
2010-04-01;11,3;29,29;21,826;15,706667;67,433333;divinopolis;MG;453.0;232945.0;2010;4
2010-04-01;64,2;28,536667;22,561333;18,17;70,108333;maringa;PR;1757.0;403063.0;2010;4
2010-04-01;310;31,953333;27,804;24,356667;82,166667;fortaleza;CE;324.0;2609716.0;2010;4
2010-04-01;66,8;25,473333;18,675333;14,203333;80,966667;barbacena;MG;6.0;135829.0;2010;4
2010-04-01;207,3;23,183333;17,61;14,083333;84,041667;curitiba;PR;43.0;1893997.0;2010;4
2010-04-01;85,1;27,413333;22,41;18,586667;61,858333;belo_horizonte;MG;7999.0;2513451.0;2010;4
2010-04-01;280,4;30,706667;25,916667;23,09;74,566667;rio_de_janeiro;RJ;338.0;6498837.0;2010;4
2010-05-01;35,7;23,745161;16,674194;11,53871;81,298387;barbacena;MG;9.0;135829.0;2010;5
2010-05-01;56,6;23,645161;18,28;13,887097;78,233871;maringa;PR;740.0;403063.0;2010;5
2010-05-01;26,8;25,906452;20,785806;16,622581;61,870968;belo_horizonte;MG;6420.0;2513451.0;2010;5
2010-05-01;176,7;31,654839;27,592258;24,293548;80,604839;fortaleza;CE;491.0;2609716.0;2010;5
2010-05-01;39,4;27,203226;18,83871;12,5;72,709677;divinopolis;MG;307.0;232945.0;2010;5
2010-05-01;104,7;20,009677;15,109677;12,058065;86,5;curitiba;PR;29.0;1893997.0;2010;5
2010-05-01;45,3;29,183871;24,197419;21,164516;73,927419;rio_de_janeiro;RJ;580.0;6498837.0;2010;5
2010-06-01;,8;24,113333;18,384;13,873333;59,133333;belo_horizonte;MG;1225.0;2513451.0;2010;6
2010-06-01;0;26,023333;16,610667;8,93;66,808333;divinopolis;MG;36.0;232945.0;2010;6
2010-06-01;86,4;19,843333;13,941333;10,26;82,45;curitiba;PR;21.0;1893997.0;2010;6
2010-06-01;22,3;25,306667;18,896;14,1;68,65;maringa;PR;89.0;403063.0;2010;6
2010-06-01;90,1;31,84;27,128667;23,276667;76,2;fortaleza;CE;490.0;2609716.0;2010;6
2010-06-01;2;21,87;14,394667;9,01;79,266667;barbacena;MG;1.0;135829.0;2010;6
2010-06-01;42,7;26,94;21,782667;18,436667;72,783333;rio_de_janeiro;RJ;330.0;6498837.0;2010;6
2010-07-01;32,2;22,848387;16,179355;11,487097;79,475806;barbacena;MG;0.0;135829.0;2010;7
2010-07-01;,5;27,309677;18,64129;10,932258;60,403226;divinopolis;MG;4.0;232945.0;2010;7
2010-07-01;132,9;20,73871;14,943871;11,251613;82,532258;curitiba;PR;19.0;1893997.0;2010;7
2010-07-01;42,3;26,183871;19,882581;15,290323;64,919355;maringa;PR;32.0;403063.0;2010;7
2010-07-01;0;24,893548;19,756129;15,774194;57,66129;belo_horizonte;MG;554.0;2513451.0;2010;7
2010-07-01;54,2;31,816129;26,857419;22,890323;74,08871;fortaleza;CE;732.0;2609716.0;2010;7
2010-07-01;79;28,912903;23,443871;20,064516;71,919355;rio_de_janeiro;RJ;413.0;6498837.0;2010;7
2010-08-01;0;28,96129;18,946452;9,277419;47,451613;divinopolis;MG;4.0;232945.0;2010;8
2010-08-01;47,1;20,790323;13,831613;9,441935;77,572581;curitiba;PR;10.0;1893997.0;2010;8
2010-08-01;24;27,541935;20,343871;14,551613;54,943548;maringa;PR;88.0;403063.0;2010;8
2010-08-01;0;24,325806;16,025161;9,535484;65,669355;barbacena;MG;0.0;135829.0;2010;8
2010-08-01;20,9;28,009677;22,591613;19,1;68,096774;rio_de_janeiro;RJ;474.0;6498837.0;2010;8
2010-08-01;3,1;32,158065;27,019355;22,680645;69,322581;fortaleza;CE;820.0;2609716.0;2010;8
2010-08-01;0;26,719355;20,072258;14,622581;45,830645;belo_horizonte;MG;215.0;2513451.0;2010;8
2010-09-01;37,6;25,596667;18,046667;12,863333;70,4;barbacena;MG;0.0;135829.0;2010;9
2010-09-01;64,8;30,296667;21,728667;14,12;53,216667;divinopolis;MG;9.0;232945.0;2010;9
2010-09-01;0;32,163333;27,130667;23,026667;68,183333;fortaleza;CE;614.0;2609716.0;2010;9
2010-09-01;55;22,566667;16,443333;12,673333;78,725;curitiba;PR;14.0;1893997.0;2010;9
2010-09-01;36,9;29,163333;23,948;20,606667;70,308333;rio_de_janeiro;RJ;287.0;6498837.0;2010;9
2010-09-01;71;27,77;21,549333;16,683333;52,6;belo_horizonte;MG;158.0;2513451.0;2010;9
2010-09-01;139,1;29,34;22,610667;17,23;58,9;maringa;PR;81.0;403063.0;2010;9
2010-10-01;118,5;28,416129;23,925806;20,851613;69,733871;rio_de_janeiro;RJ;250.0;6498837.0;2010;10
2010-10-01;152,5;22,158065;16,027097;12,467742;81,080645;curitiba;PR;15.0;1893997.0;2010;10
2010-10-01;156,6;30,012903;23,042581;17,335484;65,112903;divinopolis;MG;2.0;232945.0;2010;10
2010-10-01;216,6;28,448387;22,430968;17,870968;64,701613;belo_horizonte;MG;291.0;2513451.0;2010;10
2010-10-01;203,8;28,23871;21,834839;16,680645;67,693548;maringa;PR;66.0;403063.0;2010;10
2010-10-01;3,8;32,432258;27,777419;24,36129;71,814516;fortaleza;CE;484.0;2609716.0;2010;10
2010-10-01;205,4;25,229032;18,536129;14,270968;80,782258;barbacena;MG;0.0;135829.0;2010;10
2010-11-01;116,8;30,01;23,493333;17,75;65,466667;maringa;PR;60.0;403063.0;2010;11
2010-11-01;13,2;32,533333;28,142;24,896667;71,108333;fortaleza;CE;754.0;2609716.0;2010;11
2010-11-01;396,6;26,633333;22,009333;18,296667;72,6;belo_horizonte;MG;163.0;2513451.0;2010;11
2010-11-01;98,6;25,063333;18,736667;14,673333;75,866667;curitiba;PR;16.0;1893997.0;2010;11
2010-11-01;67,3;29,89;25,562667;22,476667;74,591667;rio_de_janeiro;RJ;309.0;6498837.0;2010;11
2010-11-01;304,7;28,446667;22,604;18,37;75,608333;divinopolis;MG;0.0;232945.0;2010;11
2010-11-01;338,9;24,72;19,225333;15,686667;85,15;barbacena;MG;1.0;135829.0;2010;11
2010-12-01;293,2;29,209677;24,095484;20,025806;69,983871;belo_horizonte;MG;318.0;2513451.0;2010;12
2010-12-01;291,6;32,967742;27,904516;24,777419;75,774194;rio_de_janeiro;RJ;773.0;6498837.0;2010;12
2010-12-01;322,1;25,209677;19,833548;16,512903;84,379032;curitiba;PR;15.0;1893997.0;2010;12
2010-12-01;212,3;30,851613;24,382667;19,71;73,225;divinopolis;MG;2.0;232945.0;2010;12
2010-12-01;342,5;27,619355;21,412258;17,641935;83,951613;barbacena;MG;0.0;135829.0;2010;12
2010-12-01;76,4;31,996774;27,863871;24,616129;74,814516;fortaleza;CE;1513.0;2609716.0;2010;12
2010-12-01;212,9;29,219355;24,064516;20,122581;80,459677;maringa;PR;50.0;403063.0;2010;12
2011-01-01;182;30,732258;25,008387;21,322581;79,443548;maringa;PR;91.0;403063.0;2011;1
2011-01-01;271,3;30,229032;24,241935;19,432258;71,612903;divinopolis;MG;24.0;232945.0;2011;1
2011-01-01;317,9;28,503226;23,628387;19,603226;67,596774;belo_horizonte;MG;1317.0;2513451.0;2011;1
2011-01-01;338,8;27,774194;22,010968;18,729032;82,637097;curitiba;PR;77.0;1893997.0;2011;1
2011-01-01;78,7;34,735484;29,285161;25,925806;68,919355;rio_de_janeiro;RJ;2011.0;6498837.0;2011;1
2011-01-01;668,3;30,574194;26,458065;23,129032;83,91129;fortaleza;CE;2026.0;2609716.0;2011;1
2011-01-01;182,7;27,067742;21,513548;17,525806;82,064516;barbacena;MG;2.0;135829.0;2011;1
2011-02-01;293,1;27,035714;21,638571;18,685714;82,241071;curitiba;PR;94.0;1893997.0;2011;2
2011-02-01;66,6;30,660714;25,052143;20,517857;55,758929;belo_horizonte;MG;1040.0;2513451.0;2011;2
2011-02-01;28,1;29,453571;22,287857;17,389286;72,723214;barbacena;MG;4.0;135829.0;2011;2
2011-02-01;116,3;33,185714;25,296429;18,910714;60,633929;divinopolis;MG;31.0;232945.0;2011;2
2011-02-01;312,9;30,592857;24,947143;21,275;80,178571;maringa;PR;142.0;403063.0;2011;2
2011-02-01;308,6;30,725;26,715714;23,596429;84,035714;fortaleza;CE;2654.0;2609716.0;2011;2
2011-02-01;8,5;35,310714;29,485;25,846429;63,3125;rio_de_janeiro;RJ;7197.0;6498837.0;2011;2
2011-03-01;367;29,329032;23,061379;19,044828;79,663793;divinopolis;MG;61.0;232945.0;2011;3
2011-03-01;264,1;25,841935;20,163871;17,041935;88,016129;barbacena;MG;7.0;135829.0;2011;3
2011-03-01;75,6;23,270968;18,909677;16,441935;86,58871;curitiba;PR;138.0;1893997.0;2011;3
2011-03-01;375,6;31,293548;26,8;23,187097;83,024194;fortaleza;CE;6294.0;2609716.0;2011;3
2011-03-01;334,5;27,490323;22,932903;19,477419;71,806452;belo_horizonte;MG;1362.0;2513451.0;2011;3
2011-03-01;252,6;29,319355;24,068387;19,883871;74,508065;maringa;PR;202.0;403063.0;2011;3
2011-03-01;100,6;30,567742;26,234194;23,816129;78,983871;rio_de_janeiro;RJ;14470.0;6498837.0;2011;3
2011-04-01;387,3;30,393333;26,113333;22,98;87,066667;fortaleza;CE;10183.0;2609716.0;2011;4
2011-04-01;98,7;27,506667;22,550667;19,027586;65,333333;belo_horizonte;MG;1354.0;2513451.0;2011;4
2011-04-01;144,4;29,636667;22,231333;16,443333;71,958333;divinopolis;MG;37.0;232945.0;2011;4
2011-04-01;93,9;28,446667;22,732;18,406667;73,091667;maringa;PR;154.0;403063.0;2011;4
2011-04-01;164,5;31,91;26,592;23,66;75,066667;rio_de_janeiro;RJ;24372.0;6498837.0;2011;4
2011-04-01;108,2;24,026667;18,569333;15,266667;82,141667;curitiba;PR;92.0;1893997.0;2011;4
2011-04-01;384;29,766667;25,742;22,96;79,9;vitoria;ES;2142.0;359555.0;2011;4
2011-04-01;71,7;26,056667;19,440667;15,5;84,191667;barbacena;MG;6.0;135829.0;2011;4
2011-05-01;5;25,664516;20,50129;16,780645;61,887097;belo_horizonte;MG;1142.0;2513451.0;2011;5
2011-05-01;7,6;27,467742;19,096129;12,803226;71,66129;divinopolis;MG;41.0;232945.0;2011;5
2011-05-01;8,7;23,319355;16,143226;11,583871;84,322581;barbacena;MG;3.0;135829.0;2011;5
2011-05-01;118,1;27,496774;22,743226;20,016129;77,266129;rio_de_janeiro;RJ;19241.0;6498837.0;2011;5
2011-05-01;33,6;20,412903;14,775484;11,409677;82,346774;curitiba;PR;63.0;1893997.0;2011;5
2011-05-01;160;31,048387;26,670323;23,426667;83,403226;fortaleza;CE;6861.0;2609716.0;2011;5
2011-05-01;72,3;27,883871;23,534194;20,522581;74,379032;vitoria;ES;2888.0;359555.0;2011;5
2011-05-01;11,2;25,506452;19,394194;14,319355;68,346774;maringa;PR;80.0;403063.0;2011;5
2011-06-01;32,7;26,966667;21,638;18,353333;76,841667;rio_de_janeiro;RJ;4359.0;6498837.0;2011;6
2011-06-01;37,2;22,543333;14,742667;9,63;82,733333;barbacena;MG;2.0;135829.0;2011;6
2011-06-01;14,6;24,906667;19,204667;15,15;60,983333;belo_horizonte;MG;370.0;2513451.0;2011;6
2011-06-01;38,4;26,453333;22,328;19,546667;76,533333;vitoria;ES;912.0;359555.0;2011;6
2011-06-01;135,9;23,366667;17,168667;12,24;69,15;maringa;PR;17.0;403063.0;2011;6
2011-06-01;21,6;26,166667;17,217333;10,213333;69,283333;divinopolis;MG;10.0;232945.0;2011;6
2011-06-01;141,4;30,893333;26,34;22,656667;79,983333;fortaleza;CE;1993.0;2609716.0;2011;6
2011-06-01;108,8;19,203333;12,666;7,926667;80,608333;curitiba;PR;27.0;1893997.0;2011;6
2011-07-01;153,6;25,251613;19,198065;14,645161;67,620968;maringa;PR;23.0;403063.0;2011;7
2011-07-01;123,2;30,845161;26,026452;22,206452;78,741935;fortaleza;CE;1052.0;2609716.0;2011;7
2011-07-01;0;27,212903;17,876774;10,109677;61,008065;divinopolis;MG;18.0;232945.0;2011;7
2011-07-01;7,2;23,941935;15,577419;9,351613;76,846774;barbacena;MG;0.0;135829.0;2011;7
2011-07-01;16,1;27,348387;21,842581;18,5;74,266129;rio_de_janeiro;RJ;1577.0;6498837.0;2011;7
2011-07-01;147,1;20,025806;14,132903;10,135484;83,217742;curitiba;PR;23.0;1893997.0;2011;7
2011-07-01;0;25,509677;19,576129;14,929032;55,564516;belo_horizonte;MG;358.0;2513451.0;2011;7
2011-07-01;30,5;26,903226;22,307742;19,045161;75,669355;vitoria;ES;445.0;359555.0;2011;7
2011-08-01;4,6;26,451613;17,810968;11,454839;68,782258;barbacena;MG;0.0;135829.0;2011;8
2011-08-01;24,4;31,535484;26,492258;22,306452;73,491935;fortaleza;CE;556.0;2609716.0;2011;8
2011-08-01;0;28,541935;21,957419;16,893548;48,653226;belo_horizonte;MG;259.0;2513451.0;2011;8
2011-08-01;260,9;20,419355;14,573548;10,583871;79,782258;curitiba;PR;12.0;1893997.0;2011;8
2011-08-01;9,3;28,916129;23,148387;19,596774;70,370968;rio_de_janeiro;RJ;703.0;6498837.0;2011;8
2011-08-01;13,4;28,158065;23,12129;19,964516;74,919355;vitoria;ES;209.0;359555.0;2011;8
2011-08-01;41;26,796774;20,26;15,054839;60,41129;maringa;PR;33.0;403063.0;2011;8
2011-08-01;,6;30,590323;21,044516;12,19;48,620968;divinopolis;MG;13.0;232945.0;2011;8
2011-09-01;1,4;27,953333;21,502;16,45;47,85;belo_horizonte;MG;285.0;2513451.0;2011;9
2011-09-01;40,8;27,3;22,177333;18,813333;69,833333;rio_de_janeiro;RJ;662.0;6498837.0;2011;9
2011-09-01;1,1;30,793333;21,536667;12,836667;44,566667;divinopolis;MG;8.0;232945.0;2011;9
2011-09-01;29,7;29,646667;22,224667;15,756667;55;maringa;PR;48.0;403063.0;2011;9
2011-09-01;0;32,166667;26,828667;22,513333;71,308333;fortaleza;CE;434.0;2609716.0;2011;9
2011-09-01;11,5;25,906667;17,461333;11,186667;66,883333;barbacena;MG;0.0;135829.0;2011;9
2011-09-01;59,9;21,4;14,89;10,703333;79,225;curitiba;PR;17.0;1893997.0;2011;9
2011-09-01;31,2;26,88;22,496667;19,59;71,341667;vitoria;ES;137.0;359555.0;2011;9
2011-10-01;191,9;23,206452;17,382581;13,916129;81,403226;curitiba;PR;35.0;1893997.0;2011;10
2011-10-01;144,2;24,667742;18,561935;14,516129;81,870968;barbacena;MG;1.0;135829.0;2011;10
2011-10-01;141,6;27,316129;23,496774;21,003226;82,685484;vitoria;ES;290.0;359555.0;2011;10
2011-10-01;210,4;29,025806;22,95871;17,854839;68,935484;maringa;PR;119.0;403063.0;2011;10
2011-10-01;178,8;26,519355;21,385161;17,412903;67,362903;belo_horizonte;MG;469.0;2513451.0;2011;10
2011-10-01;32,8;31,574194;27,252903;23,987097;74,733871;fortaleza;CE;517.0;2609716.0;2011;10
2011-10-01;109,8;29,370968;24,169032;20,916129;73,475806;rio_de_janeiro;RJ;1385.0;6498837.0;2011;10
2011-10-01;170,5;28,448387;22,220645;17,296774;67,362903;divinopolis;MG;23.0;232945.0;2011;10
2011-11-01;111,6;29,623333;23,542;18,136667;62,633333;maringa;PR;107.0;403063.0;2011;11
2011-11-01;288,7;26,186667;21,008;17,09;68,108333;belo_horizonte;MG;473.0;2513451.0;2011;11
2011-11-01;140,4;28,366667;21,891034;16,73;67,767857;divinopolis;MG;17.0;232945.0;2011;11
2011-11-01;68;23,92;17,680667;13,77;77,866667;curitiba;PR;23.0;1893997.0;2011;11
2011-11-01;204,4;23,593103;17,918;14,148276;82,558333;barbacena;MG;0.0;135829.0;2011;11
2011-11-01;24,4;31,54;27,4;24,15;74,375;fortaleza;CE;444.0;2609716.0;2011;11
2011-11-01;247,1;26,763333;23,380667;20,853333;81;vitoria;ES;337.0;359555.0;2011;11
2011-11-01;93,3;27,95;23,804667;20,62;72,8;rio_de_janeiro;RJ;1824.0;6498837.0;2011;11
2011-12-01;128,6;25,583871;19,904516;15,925806;75,620968;curitiba;PR;39.0;1893997.0;2011;12
2011-12-01;14,9;31,748387;27,677419;24,8;73,58871;fortaleza;CE;472.0;2609716.0;2011;12
2011-12-01;45;31,616129;25,232903;19,725806;61,024194;maringa;PR;107.0;403063.0;2011;12
2011-12-01;116,1;31,058065;26,145806;22,958065;74,120968;rio_de_janeiro;RJ;4112.0;6498837.0;2011;12
2011-12-01;400;25,206452;19,827742;16,33871;89,701613;barbacena;MG;0.0;135829.0;2011;12
2011-12-01;451,2;28,406452;22,596774;18,922581;78,903226;divinopolis;MG;20.0;232945.0;2011;12
2011-12-01;720;26,432258;21,718065;18,248387;77,629032;belo_horizonte;MG;561.0;2513451.0;2011;12
2012-01-01;407,5;27,287097;22,504516;18,7;69,645161;belo_horizonte;MG;1205.0;2513451.0;2012;1
2012-01-01;121;26,329032;20,354839;16,690323;79;curitiba;PR;57.0;1893997.0;2012;1
2012-01-01;282,9;29,987097;25,936129;23,33871;80,306452;vitoria;ES;522.0;359555.0;2012;1
2012-01-01;401,5;28,93871;22,960741;18,611111;74,314815;divinopolis;MG;48.0;232945.0;2012;1
2012-01-01;48,2;31,719355;27,664516;24,980645;75,266129;fortaleza;CE;698.0;2609716.0;2012;1
2012-01-01;136,7;30,264516;24,28129;19,790323;72,604839;maringa;PR;77.0;403063.0;2012;1
2012-01-01;220,9;31,551613;26,545806;23,487097;75,370968;rio_de_janeiro;RJ;7287.0;6498837.0;2012;1
2012-01-01;325;25,976923;19,894615;16,088462;85,846154;barbacena;MG;0.0;135829.0;2012;1
2012-02-01;62,8;34,837931;28,656552;24,62069;65,137931;rio_de_janeiro;RJ;13286.0;6498837.0;2012;2
2012-02-01;34,3;28,872414;23,848276;19,944828;58,051724;belo_horizonte;MG;755.0;2513451.0;2012;2
2012-02-01;198,8;28,717241;22,197241;18,4;78,344828;curitiba;PR;39.0;1893997.0;2012;2
2012-02-01;73,6;31,32069;26,775172;23,837931;76,181034;vitoria;ES;319.0;359555.0;2012;2
2012-02-01;210;30,889655;26,773103;23,8;80,818966;fortaleza;CE;1020.0;2609716.0;2012;2
2012-02-01;185,1;32,6;26,14069;21,044828;66,568966;maringa;PR;41.0;403063.0;2012;2
2012-02-01;38;31,224138;24,28;18,006897;61,767241;divinopolis;MG;31.0;232945.0;2012;2
2012-02-01;51;27,675862;20,978571;16,153571;80,392857;barbacena;MG;2.0;135829.0;2012;2
2012-03-01;58,9;31,622581;26,883871;23,877419;73,564516;vitoria;ES;266.0;359555.0;2012;3
2012-03-01;84,1;32,590323;26,927742;24,051613;73,959677;rio_de_janeiro;RJ;28990.0;6498837.0;2012;3
2012-03-01;148,6;30,403333;23,42;18,116667;68,806452;divinopolis;MG;22.0;232945.0;2012;3
2012-03-01;302,4;30,641935;26,876774;23,841935;81,725806;fortaleza;CE;2358.0;2609716.0;2012;3
2012-03-01;198,1;26,893548;20,261935;15,648387;84,83871;barbacena;MG;1.0;135829.0;2012;3
2012-03-01;48;27,016129;20,130323;15,619355;75,717742;curitiba;PR;32.0;1893997.0;2012;3
2012-03-01;196,4;28,248387;23,243226;19,435484;64,596774;belo_horizonte;MG;629.0;2513451.0;2012;3
2012-03-01;62,8;31,396774;24,754839;19,154839;62,33871;maringa;PR;70.0;403063.0;2012;3
2012-04-01;45,4;30,893333;25,922667;23,026667;76,7;rio_de_janeiro;RJ;60963.0;6498837.0;2012;4
2012-04-01;182,9;23,98;18,254;15,153333;82,033333;curitiba;PR;39.0;1893997.0;2012;4
2012-04-01;42,8;25,92;19,457333;15,34;87,175;barbacena;MG;3.0;135829.0;2012;4
2012-04-01;152,5;28,343333;22,46;18,22;73,758333;maringa;PR;106.0;403063.0;2012;4
2012-04-01;152,1;31,066667;27,296;24,35;81,3;fortaleza;CE;9044.0;2609716.0;2012;4
2012-04-01;66,5;29,68;22,542667;16,836667;70,833333;divinopolis;MG;31.0;232945.0;2012;4
2012-04-01;111,3;27,693333;22,84;19,103333;65,741667;belo_horizonte;MG;667.0;2513451.0;2012;4
2012-04-01;30,1;30,8;26,337333;23,406667;74,408333;vitoria;ES;361.0;359555.0;2012;4
2012-05-01;61,8;20,325806;15,196129;11,86129;85,645161;curitiba;PR;30.0;1893997.0;2012;5
2012-05-01;267,1;26,787097;22,932258;20,312903;81,201613;vitoria;ES;251.0;359555.0;2012;5
2012-05-01;17,5;25,86129;18,434839;12,590323;72,927419;divinopolis;MG;17.0;232945.0;2012;5
2012-05-01;105;21,841935;15,848387;11,651613;87,612903;barbacena;MG;0.0;135829.0;2012;5
2012-05-01;75,1;25,087097;19,49871;15,2;75,419355;maringa;PR;47.0;403063.0;2012;5
2012-05-01;128,8;28,258065;23,134839;19,835484;76,41129;rio_de_janeiro;RJ;43818.0;6498837.0;2012;5
2012-05-01;143;31,093548;27,169032;23,967742;78,459677;fortaleza;CE;18297.0;2609716.0;2012;5
2012-05-01;61,1;24,319355;19,553548;16,151613;67,782258;belo_horizonte;MG;357.0;2513451.0;2012;5
2012-06-01;92,8;27,836667;23,800667;21,133333;79,075;vitoria;ES;271.0;359555.0;2012;6
2012-06-01;17;25,726667;20,580667;16,87;64,7;belo_horizonte;MG;363.0;2513451.0;2012;6
2012-06-01;69,3;23,366667;16,792;12,56;86,6;barbacena;MG;1.0;135829.0;2012;6
2012-06-01;225,5;18,28;13,998;11,19;88,316667;curitiba;PR;14.0;1893997.0;2012;6
2012-06-01;71,1;28,3;23,602667;20,72;78,466667;rio_de_janeiro;RJ;15901.0;6498837.0;2012;6
2012-06-01;140,2;30,71;26,698;23,54;79,241667;fortaleza;CE;4769.0;2609716.0;2012;6
2012-06-01;293,4;23,506667;18,270667;14,473333;82,808333;maringa;PR;37.0;403063.0;2012;6
2012-07-01;0;25,348387;19,867097;15,348387;54,330645;belo_horizonte;MG;356.0;2513451.0;2012;7
2012-07-01;108,9;19,609677;13,627742;9,141935;80,975806;curitiba;PR;5.0;1893997.0;2012;7
2012-07-01;26,2;28,296774;22,948387;19,609677;73;rio_de_janeiro;RJ;4418.0;6498837.0;2012;7
2012-07-01;1,2;26,644;17,58;9,974194;62,741667;divinopolis;MG;13.0;232945.0;2012;7
2012-07-01;6,3;31,1;26,672903;23,174194;73,475806;fortaleza;CE;1323.0;2609716.0;2012;7
2012-07-01;19,1;24,390323;18,168387;13,364516;69,733871;maringa;PR;24.0;403063.0;2012;7
2012-07-01;2,3;23,216129;15,629032;9,380645;77,274194;barbacena;MG;0.0;135829.0;2012;7
2012-08-01;31,5;23,370968;15,945161;11,325806;77,862903;curitiba;PR;6.0;1893997.0;2012;8
2012-08-01;14,3;22,383871;15,155484;10,033333;80,887097;barbacena;MG;0.0;135829.0;2012;8
2012-08-01;2,7;28,625806;22,069677;17,151613;54,298387;maringa;PR;9.0;403063.0;2012;8
2012-08-01;0;31,583871;26,756774;22,93871;70,524194;fortaleza;CE;424.0;2609716.0;2012;8
2012-08-01;0;24,496774;19,347742;15,229032;55,491935;belo_horizonte;MG;149.0;2513451.0;2012;8
2012-08-01;0;26,670968;18,734194;10,835484;54,83871;divinopolis;MG;7.0;232945.0;2012;8
2012-08-01;17,9;29,096774;23,114839;19,603226;70,927419;rio_de_janeiro;RJ;1633.0;6498837.0;2012;8
2012-09-01;12,3;30,436667;21,972667;13,91;49,25;divinopolis;MG;5.0;232945.0;2012;9
2012-09-01;71,1;31,113333;23,624;17,373333;53,108333;maringa;PR;31.0;403063.0;2012;9
2012-09-01;87,9;29,603333;23,864;20,29;68,358333;rio_de_janeiro;RJ;1217.0;6498837.0;2012;9
2012-09-01;62,8;24,106667;16,773333;12,226667;75,908333;curitiba;PR;13.0;1893997.0;2012;9
2012-09-01;22,8;28,883333;22,372667;17,356667;49,316667;belo_horizonte;MG;290.0;2513451.0;2012;9
2012-09-01;26,4;26,21;17,894;11,133333;69,625;barbacena;MG;0.0;135829.0;2012;9
2012-09-01;37,9;27,513333;23,236667;20,203333;74,291667;vitoria;ES;355.0;359555.0;2012;9
2012-09-01;2,1;31,533333;26,959333;23,72;70,875;fortaleza;CE;292.0;2609716.0;2012;9
2012-10-01;55;31,880645;25,14129;20,003226;63,75;maringa;PR;28.0;403063.0;2012;10
2012-10-01;32,1;29,725806;23,864516;18,967742;50,903226;belo_horizonte;MG;210.0;2513451.0;2012;10
2012-10-01;66,4;32,13871;26,041935;22,16129;68,782258;rio_de_janeiro;RJ;843.0;6498837.0;2012;10
2012-10-01;56;29,180645;24,767742;21,596774;75,064516;vitoria;ES;454.0;359555.0;2012;10
2012-10-01;81,1;27,641935;20,263226;14,322581;69,080645;barbacena;MG;1.0;135829.0;2012;10
2012-10-01;160,1;25,73871;19,226452;14,896774;76,790323;curitiba;PR;14.0;1893997.0;2012;10
2012-10-01;14,6;32,187097;24,383871;16,990323;50,524194;divinopolis;MG;8.0;232945.0;2012;10
2012-10-01;11,3;31,445161;27,306452;24,287097;71,475806;fortaleza;CE;292.0;2609716.0;2012;10
2012-11-01;310;27,626667;22,665333;18,72;69,641667;belo_horizonte;MG;239.0;2513451.0;2012;11
2012-11-01;104,4;30,97;24,792;20,036667;67,541667;maringa;PR;31.0;403063.0;2012;11
2012-11-01;163,5;29,496667;23,368667;18,696667;70,408333;divinopolis;MG;11.0;232945.0;2012;11
2012-11-01;376,1;28,336667;24,572;21,913333;82,791667;vitoria;ES;563.0;359555.0;2012;11
2012-11-01;161,8;25,004167;19,211667;15,753333;85,241667;barbacena;MG;0.0;135829.0;2012;11
2012-11-01;3,7;31,673333;27,706;24,9;71,95;fortaleza;CE;184.0;2609716.0;2012;11
2012-11-01;69,4;24,956667;19,06;15,46;78,45;curitiba;PR;16.0;1893997.0;2012;11
2012-11-01;93,2;28,873333;24,75;22,126667;76,525;rio_de_janeiro;RJ;896.0;6498837.0;2012;11
2012-12-01;37;35,13871;29,470968;25,909677;68,306452;rio_de_janeiro;RJ;1786.0;6498837.0;2012;12
2012-12-01;171,1;32,116129;26,152903;21,993548;74,58871;maringa;PR;96.0;403063.0;2012;12
2012-12-01;42,7;32,254839;27,827742;24,751613;72,209677;vitoria;ES;1590.0;359555.0;2012;12
2012-12-01;137,4;32,280645;25,100645;19,974194;67,959677;divinopolis;MG;16.0;232945.0;2012;12
2012-12-01;254,6;28,554839;22,610323;18,809677;78,08871;curitiba;PR;18.0;1893997.0;2012;12
2012-12-01;14;31,993548;28,065806;25,53871;74,120968;fortaleza;CE;235.0;2609716.0;2012;12
2012-12-01;143;30,458065;25,224516;21,151613;60,395161;belo_horizonte;MG;448.0;2513451.0;2012;12
2013-01-01;334,7;31,580645;26,785161;23,632258;76,137097;rio_de_janeiro;RJ;3587.0;6498837.0;2013;1
2013-01-01;426,8;27,732258;23,090968;19,680645;71,120968;belo_horizonte;MG;1661.0;2513451.0;2013;1
2013-01-01;362,3;29,577419;23,587586;19,348276;74,705357;divinopolis;MG;34.0;232945.0;2013;1
2013-01-01;77,6;25,132258;19,907742;16,690323;80,451613;curitiba;PR;142.0;1893997.0;2013;1
2013-01-01;103,8;30,119355;24,45871;18,996774;73,862903;maringa;PR;295.0;403063.0;2013;1
2013-01-01;46,7;31,719355;27,940645;25,403226;76,33871;fortaleza;CE;443.0;2609716.0;2013;1
2013-02-01;75,4;29,560714;24,400714;20,139286;59,035714;belo_horizonte;MG;9572.0;2513451.0;2013;2
2013-02-01;39,2;32,15;27,572143;24,553571;73,598214;vitoria;ES;4154.0;359555.0;2013;2
2013-02-01;84,1;31,871429;24,811111;18,733333;64,333333;divinopolis;MG;187.0;232945.0;2013;2
2013-02-01;109,5;32,292857;28,180714;25,421429;75,669643;fortaleza;CE;789.0;2609716.0;2013;2
2013-02-01;78,1;34,828571;29,109286;25,503571;69,651786;rio_de_janeiro;RJ;8316.0;6498837.0;2013;2
2013-02-01;197,7;26,503571;21,128571;18,075;81,8125;curitiba;PR;156.0;1893997.0;2013;2
2013-02-01;399,4;30,178571;23,998571;19,275;80,107143;maringa;PR;919.0;403063.0;2013;2
2013-03-01;434,5;31,609677;26,851613;23,890323;78,072581;vitoria;ES;5890.0;359555.0;2013;3
2013-03-01;228,2;31,709677;26,801935;24,006452;77,008065;rio_de_janeiro;RJ;24611.0;6498837.0;2013;3
2013-03-01;143;29,954839;23,552258;19,235484;75,169355;divinopolis;MG;2319.0;232945.0;2013;3
2013-03-01;134,4;24,290323;19,370323;16,309677;83,629032;curitiba;PR;197.0;1893997.0;2013;3
2013-03-01;127,9;28,096774;23,485161;19,790323;68,887097;belo_horizonte;MG;60785.0;2513451.0;2013;3
2013-03-01;222,6;29,03871;23,618065;19,390323;75,766129;maringa;PR;2446.0;403063.0;2013;3
2013-03-01;72,7;32,032258;28,365806;25,670968;76,951613;fortaleza;CE;1841.0;2609716.0;2013;3
2013-04-01;154,6;31,416667;27,579333;24,466667;79,975;fortaleza;CE;2386.0;2609716.0;2013;4
2013-04-01;50,8;23,71;17,682667;13,863333;80,9;curitiba;PR;153.0;1893997.0;2013;4
2013-04-01;99,4;26,113333;21,260667;17,233333;67,133333;belo_horizonte;MG;47996.0;2513451.0;2013;4
2013-04-01;165,7;27,473333;21,889333;17,27;73,583333;maringa;PR;1453.0;403063.0;2013;4
2013-04-01;50,9;28,693333;24,96;22,163333;76,666667;vitoria;ES;3731.0;359555.0;2013;4
2013-04-01;86,9;27,7;20,952;15,746667;73,766667;divinopolis;MG;2614.0;232945.0;2013;4
2013-04-01;78,4;29,96;25,024667;22,086667;74,058333;rio_de_janeiro;RJ;19342.0;6498837.0;2013;4
2013-05-01;46,7;25,635484;20,564516;16,245161;63,080645;belo_horizonte;MG;11147.0;2513451.0;2013;5
2013-05-01;184,5;25,880645;20,430968;16,183871;74,532258;maringa;PR;486.0;403063.0;2013;5
2013-05-01;68,8;29,319355;24,001935;20,735484;72,346774;rio_de_janeiro;RJ;8571.0;6498837.0;2013;5
2013-05-01;85,6;27,106452;19,371613;13,251613;71,137097;divinopolis;MG;1278.0;232945.0;2013;5
2013-05-01;69,5;21,935484;16,027742;12,167742;80,370968;curitiba;PR;44.0;1893997.0;2013;5
2013-05-01;76,1;28,487097;24,138065;21,125806;76,112903;vitoria;ES;2523.0;359555.0;2013;5
2013-05-01;144,3;31,3;27,423871;24,283871;79,725806;fortaleza;CE;2141.0;2609716.0;2013;5
2013-06-01;84,8;28,436667;23,864667;20,673333;79;vitoria;ES;1223.0;359555.0;2013;6
2013-06-01;23,1;25,913333;20,55;16,2;64,966667;belo_horizonte;MG;3556.0;2513451.0;2013;6
2013-06-01;269,9;23,193333;18,677333;15,146667;86,266667;maringa;PR;110.0;403063.0;2013;6
2013-06-01;25,3;28,169565;23,617143;20,442857;74,654762;rio_de_janeiro;RJ;2548.0;6498837.0;2013;6
2013-06-01;217,9;30,5;26,496;23,533333;81,333333;fortaleza;CE;3075.0;2609716.0;2013;6
2013-06-01;308,9;19,663333;14,843333;11,876667;87,658333;curitiba;PR;32.0;1893997.0;2013;6
2013-06-01;21,5;26,77;18,890667;12,823333;74,783333;divinopolis;MG;467.0;232945.0;2013;6
2013-07-01;61;26,722581;22,609677;19,880645;77,895161;vitoria;ES;541.0;359555.0;2013;7
2013-07-01;11,6;26,883871;18,188387;11,054839;63,064516;divinopolis;MG;39.0;232945.0;2013;7
2013-07-01;101,1;25,712903;21,414194;18,270968;72,862903;rio_de_janeiro;RJ;604.0;6498837.0;2013;7
2013-07-01;87,8;24,190323;17,831613;12,603226;69,217742;maringa;PR;44.0;403063.0;2013;7
2013-07-01;181,8;19,16129;12,910968;8,512903;81,959677;curitiba;PR;11.0;1893997.0;2013;7
2013-07-01;0;25,822581;20,032903;15,629032;57,975806;belo_horizonte;MG;480.0;2513451.0;2013;7
2013-07-01;87;30,564516;26,321935;23,125806;78,274194;fortaleza;CE;2194.0;2609716.0;2013;7
2013-08-01;13,5;31,306452;27,087586;23,758621;73,112069;fortaleza;CE;1960.0;2609716.0;2013;8
2013-08-01;0;28,409677;19,330968;11,190323;53,290323;divinopolis;MG;21.0;232945.0;2013;8
2013-08-01;39,4;21,332258;14,217419;9,225806;75,870968;curitiba;PR;16.0;1893997.0;2013;8
2013-08-01;5,6;27,106452;22,590968;19,112903;66,83871;rio_de_janeiro;RJ;487.0;6498837.0;2013;8
2013-08-01;2,8;26,774194;19,453548;14,070968;56,419355;maringa;PR;38.0;403063.0;2013;8
2013-08-01;83,1;27,751613;22,94129;19,56129;74,451613;vitoria;ES;375.0;359555.0;2013;8
2013-08-01;0;26,590323;20,503226;15,348387;50,991935;belo_horizonte;MG;278.0;2513451.0;2013;8
2013-09-01;33,3;27,646667;23,562;20,63;74,916667;vitoria;ES;409.0;359555.0;2013;9
2013-09-01;62,7;28,183333;23,929333;20,57;66,975;rio_de_janeiro;RJ;526.0;6498837.0;2013;9
2013-09-01;197;21,843333;15,796667;11,666667;78,908333;curitiba;PR;13.0;1893997.0;2013;9
2013-09-01;32,8;27,466667;21,590667;16,653333;55,858333;belo_horizonte;MG;613.0;2513451.0;2013;9
2013-09-01;10,5;31,59;27,297333;24,113333;74,241667;fortaleza;CE;782.0;2609716.0;2013;9
2013-09-01;48,1;29,44;21,699333;14,09;55,791667;divinopolis;MG;18.0;232945.0;2013;9
2013-09-01;76,9;28,816667;22,070667;17,03;59,491667;maringa;PR;30.0;403063.0;2013;9
2013-10-01;103,5;23,509677;17,314839;13,519355;78,653226;curitiba;PR;9.0;1893997.0;2013;10
2013-10-01;61,1;27,625806;23,921935;21,135484;72,258065;rio_de_janeiro;RJ;264.0;6498837.0;2013;10
2013-10-01;68,9;28,051613;23,954839;21,109677;75,862903;vitoria;ES;305.0;359555.0;2013;10
2013-10-01;137,7;26,751613;21,381935;17,025806;64,701613;belo_horizonte;MG;420.0;2513451.0;2013;10
2013-10-01;9,4;31,935484;27,630323;24,693548;73,129032;fortaleza;CE;360.0;2609716.0;2013;10
2013-10-01;182,2;28,096667;21,815484;16,183333;64,991935;divinopolis;MG;13.0;232945.0;2013;10
2013-10-01;228,8;29,132258;23,15871;18,164516;63,524194;maringa;PR;42.0;403063.0;2013;10
2013-11-01;108,2;27,483333;22,378;18,09;65,991667;belo_horizonte;MG;438.0;2513451.0;2013;11
2013-11-01;127,5;29,2;23,132857;17,735714;66,866071;divinopolis;MG;17.0;232945.0;2013;11
2013-11-01;111,6;29,27;25,071333;21,84;73,616667;rio_de_janeiro;RJ;309.0;6498837.0;2013;11
2013-11-01;96,5;24,526667;18,934667;15,26;80,641667;curitiba;PR;23.0;1893997.0;2013;11
2013-11-01;11,2;31,71;27,742;25;74,558333;fortaleza;CE;268.0;2609716.0;2013;11
2013-11-01;76,6;30,533333;24,740741;19,634615;66,7;maringa;PR;58.0;403063.0;2013;11
2013-11-01;351,1;28,683333;24,852667;21,946667;78,633333;vitoria;ES;244.0;359555.0;2013;11
2013-12-01;78,3;31,558065;25,949677;21,067742;69,112903;maringa;PR;150.0;403063.0;2013;12
2013-12-01;713,9;29,76129;25,749032;23,16129;83,346774;vitoria;ES;287.0;359555.0;2013;12
2013-12-01;185,6;30,054839;26,283871;23,6;75,556452;rio_de_janeiro;RJ;433.0;6498837.0;2013;12
2013-12-01;495;27,896774;23,124516;19,387097;74,733871;belo_horizonte;MG;748.0;2513451.0;2013;12
2013-12-01;49,2;26,906452;21,207097;17,145161;76,532258;curitiba;PR;25.0;1893997.0;2013;12
2013-12-01;10,6;31,945161;28,014839;25,354839;73,379032;fortaleza;CE;281.0;2609716.0;2013;12
2013-12-01;215,8;29,806452;23,918667;19,809677;75,153226;divinopolis;MG;15.0;232945.0;2013;12
2014-01-01;58,1;33,964516;29,374194;25,409677;63,241935;rio_de_janeiro;RJ;618.0;6498837.0;2014;1
2014-01-01;188,3;31,764516;25,673548;21,109677;73,080645;maringa;PR;462.0;403063.0;2014;1
2014-01-01;242,5;29,2;22,874194;18,632258;76,395161;curitiba;PR;85.0;1893997.0;2014;1
2014-01-01;166,2;32,564516;24,89931;18,006897;57,907407;divinopolis;MG;145.0;232945.0;2014;1
2014-01-01;103,9;30,403226;24,756129;20,406452;56,572581;belo_horizonte;MG;1378.0;2513451.0;2014;1
2014-01-01;67,2;31,467742;27,560645;24,425806;77,346774;fortaleza;CE;444.0;2609716.0;2014;1
2014-02-01;194,3;32,571429;26,262857;21,328571;64,053571;maringa;PR;1691.0;403063.0;2014;2
2014-02-01;9,1;33,621429;29,156429;25,489286;60,642857;rio_de_janeiro;RJ;470.0;6498837.0;2014;2
2014-02-01;110,2;28,621429;22,684286;18,685714;76,4375;curitiba;PR;54.0;1893997.0;2014;2
2014-02-01;22,9;29,807143;24,528571;20,403571;55,875;belo_horizonte;MG;1935.0;2513451.0;2014;2
2014-02-01;66;32,325;25,019259;17,692593;55,509259;divinopolis;MG;518.0;232945.0;2014;2
2014-02-01;41,1;32,592857;27,808571;24,542857;71,75;vitoria;ES;545.0;359555.0;2014;2
2014-02-01;144,2;31,032143;27,043571;23,481481;80,178571;fortaleza;CE;590.0;2609716.0;2014;2
2014-03-01;73,7;27,987097;23,148387;19,490323;67,362903;belo_horizonte;MG;2733.0;2513451.0;2014;3
2014-03-01;330,6;31,164516;27,192903;23,603226;81,112903;fortaleza;CE;674.0;2609716.0;2014;3
2014-03-01;40,9;30,454839;23,992903;18,406452;64,862903;divinopolis;MG;1400.0;232945.0;2014;3
2014-03-01;340;30,006452;24,303871;19,877419;73,548387;maringa;PR;3769.0;403063.0;2014;3
2014-03-01;232;25,754839;20,406452;17,103226;81,620968;curitiba;PR;51.0;1893997.0;2014;3
2014-03-01;80,5;31,864516;27,387097;24,216129;69,370968;rio_de_janeiro;RJ;471.0;6498837.0;2014;3
2014-04-01;88,5;29,09;22,092;16,856667;71,375;divinopolis;MG;1356.0;232945.0;2014;4
2014-04-01;95,5;30,366667;26,026;23,123333;74,4;vitoria;ES;418.0;359555.0;2014;4
2014-04-01;81;23,213333;18,229333;15,426667;85,15;curitiba;PR;70.0;1893997.0;2014;4
2014-04-01;100,4;29,023333;25,014;22,083333;74,258333;rio_de_janeiro;RJ;304.0;6498837.0;2014;4
2014-04-01;162,3;28,196667;22,839333;18,893333;77,741667;maringa;PR;1455.0;403063.0;2014;4
2014-04-01;266,9;30,92;26,912667;23,49;84,558333;fortaleza;CE;755.0;2609716.0;2014;4
2014-04-01;235,8;27,626667;22,350667;18,423333;68,625;belo_horizonte;MG;2102.0;2513451.0;2014;4
2014-05-01;26,7;27,809677;23,566452;20,303226;73,145161;rio_de_janeiro;RJ;332.0;6498837.0;2014;5
2014-05-01;123,9;24,780645;19,659355;15,870968;77,451613;maringa;PR;31.0;403063.0;2014;5
2014-05-01;5;29,090323;24,418065;21,3;75,629032;vitoria;ES;441.0;359555.0;2014;5
2014-05-01;257,1;30,770968;26,696129;23,458065;84,016129;fortaleza;CE;1685.0;2609716.0;2014;5
2014-05-01;18,5;26,086667;20,642;16,196774;62,41129;belo_horizonte;MG;1391.0;2513451.0;2014;5
2014-05-01;32,6;27,532258;19,32129;12,609677;66,387097;divinopolis;MG;979.0;232945.0;2014;5
2014-05-01;87,1;21,019355;15,950968;12,86129;83,693548;curitiba;PR;72.0;1893997.0;2014;5
2014-06-01;42,7;27,866667;23,464;20,423333;72,991667;rio_de_janeiro;RJ;274.0;6498837.0;2014;6
2014-06-01;56;31,23;26,927333;23,266667;78,066667;fortaleza;CE;2063.0;2609716.0;2014;6
2014-06-01;210,4;20,313333;15,166;12,166667;83,833333;curitiba;PR;53.0;1893997.0;2014;6
2014-06-01;10,3;26,983333;18,648;11,953333;67,216667;divinopolis;MG;193.0;232945.0;2014;6
2014-06-01;13,1;25,476667;19,982667;15,463333;62,258333;belo_horizonte;MG;1115.0;2513451.0;2014;6
2014-06-01;51,2;28,066667;23,69;20,746667;77,875;vitoria;ES;404.0;359555.0;2014;6
2014-06-01;142,1;24,336667;19,054667;15,553333;78,15;maringa;PR;12.0;403063.0;2014;6
2014-07-01;87,5;25,970968;22,017419;19,054839;73,629032;rio_de_janeiro;RJ;191.0;6498837.0;2014;7
2014-07-01;49;19,574194;13,91871;10,274194;81,766129;curitiba;PR;36.0;1893997.0;2014;7
2014-07-01;52,8;25,654839;17,831613;11,193548;64,322581;divinopolis;MG;29.0;232945.0;2014;7
2014-07-01;107,3;26,022581;22,177419;19,590323;80,935484;vitoria;ES;281.0;359555.0;2014;7
2014-07-01;48,1;23,870968;18,84;14,625806;62,895161;belo_horizonte;MG;390.0;2513451.0;2014;7
2014-07-01;132,8;24,480645;18,457419;14,164516;70,733871;maringa;PR;7.0;403063.0;2014;7
2014-07-01;35,6;31,167742;26,454194;22,348387;75,66129;fortaleza;CE;1368.0;2609716.0;2014;7
2014-08-01;3,3;27,041935;20,51871;14,777419;51,225806;belo_horizonte;MG;384.0;2513451.0;2014;8
2014-08-01;1,7;31,564516;26,747742;22,735484;71,620968;fortaleza;CE;1071.0;2609716.0;2014;8
2014-08-01;62,7;22,867742;15,723871;10,616129;74,201613;curitiba;PR;27.0;1893997.0;2014;8
2014-08-01;18,1;27,126667;22,313103;18,653333;68,775862;rio_de_janeiro;RJ;287.0;6498837.0;2014;8
2014-08-01;83,4;27,367742;22,53871;19,235484;75,951613;vitoria;ES;266.0;359555.0;2014;8
2014-08-01;48,4;28,570968;21,590323;16,209677;56,58871;maringa;PR;4.0;403063.0;2014;8
2014-08-01;0;28,864516;19,545806;10,854839;52,322581;divinopolis;MG;16.0;232945.0;2014;8
2014-09-01;12;30,923333;22,823333;14,656667;45,95;divinopolis;MG;22.0;232945.0;2014;9
2014-09-01;1,8;28,973333;22,403333;16,68;46,341667;belo_horizonte;MG;386.0;2513451.0;2014;9
2014-09-01;7,5;31,64;27,024;23,42;73,491667;fortaleza;CE;587.0;2609716.0;2014;9
2014-09-01;23,7;28,463333;23,933333;20,883333;71,216667;vitoria;ES;200.0;359555.0;2014;9
2014-09-01;29,6;29,16;24,048;20,323333;66,933333;rio_de_janeiro;RJ;227.0;6498837.0;2014;9
2014-09-01;176,4;23,006667;17,143333;13,66;81,408333;curitiba;PR;36.0;1893997.0;2014;9
2014-09-01;151,3;29,246667;22,956667;17,966667;64,466667;maringa;PR;1.0;403063.0;2014;9
2014-10-01;286,6;28,212903;23,793548;20,641935;75,491935;vitoria;ES;136.0;359555.0;2014;10
2014-10-01;116,8;26,022581;19,020645;14,654839;75,169355;curitiba;PR;26.0;1893997.0;2014;10
2014-10-01;69,4;29,26129;22,890323;17,209677;48,895161;belo_horizonte;MG;463.0;2513451.0;2014;10
2014-10-01;4,4;32,151613;27,529032;23,909677;71,362903;fortaleza;CE;540.0;2609716.0;2014;10
2014-10-01;83;31,380645;23,683226;16,570968;49,443548;divinopolis;MG;17.0;232945.0;2014;10
2014-10-01;58,1;32,490323;25,50129;19,696774;54,104839;maringa;PR;7.0;403063.0;2014;10
2014-10-01;28,4;28,93871;24,436129;21,093548;68,653226;rio_de_janeiro;RJ;321.0;6498837.0;2014;10
2014-11-01;68,7;28,986667;25,302667;22,583333;74,433333;vitoria;ES;208.0;359555.0;2014;11
2014-11-01;18;31,876667;27,514667;24,33;74,141667;fortaleza;CE;445.0;2609716.0;2014;11
2014-11-01;174,4;29,943333;23,884;18,963333;63,883333;divinopolis;MG;19.0;232945.0;2014;11
2014-11-01;59;29,486667;25,565333;22,636667;69,808333;rio_de_janeiro;RJ;243.0;6498837.0;2014;11
2014-11-01;149,2;30,716667;24,540667;19,756667;68,075;maringa;PR;62.0;403063.0;2014;11
2014-11-01;215,5;28,65;22,770667;17,893333;64;belo_horizonte;MG;709.0;2513451.0;2014;11
2014-11-01;203,2;25,203333;19,362;15,89;79,633333;curitiba;PR;29.0;1893997.0;2014;11
2014-12-01;239,2;30,664516;25,335484;21,177419;74,25;maringa;PR;45.0;403063.0;2014;12
2014-12-01;48,9;31,770968;27,643226;24,648387;74,209677;fortaleza;CE;280.0;2609716.0;2014;12
2014-12-01;138,1;28,874194;23,877419;19,003226;60,709677;belo_horizonte;MG;386.0;2513451.0;2014;12
2014-12-01;86,1;31,235484;26,824516;23,574194;71,016129;vitoria;ES;99.0;359555.0;2014;12
2014-12-01;44,9;32,783871;27,949032;24,522581;67,814516;rio_de_janeiro;RJ;128.0;6498837.0;2014;12
2014-12-01;155,6;26,916129;21,170323;17,296774;78,677419;curitiba;PR;11.0;1893997.0;2014;12
2015-01-01;180,5;29,080645;22,884516;18,954839;76,120968;curitiba;PR;61.0;1893997.0;2015;1
2015-01-01;39,2;34,612903;29,816129;26,125806;64,58871;rio_de_janeiro;RJ;178.0;6498837.0;2015;1
2015-01-01;236;32,003226;26,112903;21,470968;73,145161;maringa;PR;138.0;403063.0;2015;1
2015-01-01;103,8;31,319355;25,570968;21,354839;52,830645;belo_horizonte;MG;545.0;2513451.0;2015;1
2015-01-01;72,2;31,493548;27,398065;24,319355;76,274194;fortaleza;CE;685.0;2609716.0;2015;1
2015-02-01;263,8;28,878571;23,707143;20,264286;66,330357;belo_horizonte;MG;746.0;2513451.0;2015;2
2015-02-01;144,6;31,532143;27,543571;24,539286;79,1875;fortaleza;CE;1066.0;2609716.0;2015;2
2015-02-01;235,8;30,335714;23,591852;19,146429;74,601852;divinopolis;MG;53.0;232945.0;2015;2
2015-02-01;79,3;33,325;28,498571;25,482143;70,232143;rio_de_janeiro;RJ;254.0;6498837.0;2015;2
2015-02-01;243,1;27,2;21,412857;18,2;81,285714;curitiba;PR;83.0;1893997.0;2015;2
2015-02-01;53,9;32,964286;28,002143;25,160714;72,1875;vitoria;ES;162.0;359555.0;2015;2
2015-02-01;214,3;30,621429;24,875714;20,932143;77,875;maringa;PR;225.0;403063.0;2015;2
2015-03-01;158,3;30,658065;26,887097;24,23871;77,395161;rio_de_janeiro;RJ;1051.0;6498837.0;2015;3
2015-03-01;307,2;30,435484;24,480645;20,225806;73,435484;maringa;PR;754.0;403063.0;2015;3
2015-03-01;48,9;32,6;27,693548;24,654839;73,725806;vitoria;ES;271.0;359555.0;2015;3
2015-03-01;237,2;28,713333;23,914839;20,258065;65,637097;belo_horizonte;MG;3337.0;2513451.0;2015;3
2015-03-01;377,7;30,732258;26,879355;23,629032;83,403226;fortaleza;CE;2861.0;2609716.0;2015;3
2015-03-01;334,1;29,429032;23,25871;18,725806;77,072581;divinopolis;MG;281.0;232945.0;2015;3
2015-03-01;193,7;25,587097;20,318065;17,383871;82,943548;curitiba;PR;165.0;1893997.0;2015;3
2015-04-01;52,7;29,38;25,444667;22,836667;76,808333;rio_de_janeiro;RJ;3207.0;6498837.0;2015;4
2015-04-01;31,8;30,583333;26,168667;23,046667;74,908333;vitoria;ES;462.0;359555.0;2015;4
2015-04-01;296,4;30,86;26,888667;23,64;84,975;fortaleza;CE;5396.0;2609716.0;2015;4
2015-04-01;30;28,923333;22,192;17,023333;73,466667;divinopolis;MG;613.0;232945.0;2015;4
2015-04-01;91,4;29,246667;23,593333;19,326667;68,6;maringa;PR;1012.0;403063.0;2015;4
2015-04-01;78,7;27,303333;22,452;19,313333;66,816667;belo_horizonte;MG;7952.0;2513451.0;2015;4
2015-04-01;52,2;24,033333;18,347333;15,06;81,916667;curitiba;PR;239.0;1893997.0;2015;4
2015-05-01;96,7;24,654839;20,069032;16,819355;67,33871;belo_horizonte;MG;11598.0;2513451.0;2015;5
2015-05-01;115,1;20,619355;15,956774;13,367742;85,798387;curitiba;PR;215.0;1893997.0;2015;5
2015-05-01;184,5;24,745161;19,749032;16,293548;77,733871;maringa;PR;936.0;403063.0;2015;5
2015-05-01;199,8;27,780645;23,688387;20,919355;80,41129;vitoria;ES;1029.0;359555.0;2015;5
2015-05-01;57,3;26,229032;19,408387;14,119355;75,604839;divinopolis;MG;800.0;232945.0;2015;5
2015-05-01;64,2;27,545161;23,628387;20,654839;76,516129;rio_de_janeiro;RJ;6806.0;6498837.0;2015;5
2015-05-01;81,1;31,748387;27,62;24,119355;79,427419;fortaleza;CE;14766.0;2609716.0;2015;5
2015-06-01;12,7;25,646667;19,774667;15,43;71,858333;maringa;PR;332.0;403063.0;2015;6
2015-06-01;109,1;27,886667;23,474667;20,636667;79,083333;vitoria;ES;559.0;359555.0;2015;6
2015-06-01;32,8;26,206667;18,172667;12,1;72,8;divinopolis;MG;240.0;232945.0;2015;6
2015-06-01;82,2;21,056667;14,848;10,7;82,833333;curitiba;PR;109.0;1893997.0;2015;6
2015-06-01;65,5;27,38;22,866;19,283333;78,283333;rio_de_janeiro;RJ;3687.0;6498837.0;2015;6
2015-06-01;66,2;30,973333;26,784;23,086667;79,15;fortaleza;CE;6650.0;2609716.0;2015;6
2015-06-01;5;24,513333;19,56;15,816667;62,483333;belo_horizonte;MG;3506.0;2513451.0;2015;6
2015-07-01;11,4;27,596774;23,287742;20,154839;78,08871;rio_de_janeiro;RJ;1379.0;6498837.0;2015;7
2015-07-01;12,5;27,745161;23,421935;20,603226;78,233871;vitoria;ES;361.0;359555.0;2015;7
2015-07-01;12,2;27,56129;19,172903;12,290323;64,330645;divinopolis;MG;45.0;232945.0;2015;7
2015-07-01;378,6;23,696774;18,561935;15,154839;77,895161;maringa;PR;194.0;403063.0;2015;7
2015-07-01;189,5;19,864516;14,932258;11,596774;83,677419;curitiba;PR;83.0;1893997.0;2015;7
2015-07-01;12,4;25,145161;20,056129;16,009677;59,024194;belo_horizonte;MG;1018.0;2513451.0;2015;7
2015-08-01;4,1;28,874194;23,74129;19,867742;74,653226;rio_de_janeiro;RJ;1463.0;6498837.0;2015;8
2015-08-01;0;26,690323;20,850323;16,209677;52,225806;belo_horizonte;MG;653.0;2513451.0;2015;8
2015-08-01;40,6;28,048387;23,302581;20,187097;74,983871;vitoria;ES;419.0;359555.0;2015;8
2015-08-01;53,7;29,445161;22,522581;17,545161;52,790323;maringa;PR;337.0;403063.0;2015;8
2015-08-01;26;24,548387;17,40129;12,335484;73,717742;curitiba;PR;66.0;1893997.0;2015;8
2015-08-01;1,6;28,996774;20,061935;11,66129;54,16129;divinopolis;MG;30.0;232945.0;2015;8
2015-09-01;81,2;28,356667;24,296667;21,093333;76,691667;rio_de_janeiro;RJ;546.0;6498837.0;2015;9
2015-09-01;129,7;24,616667;18,264667;14,136667;79,2;curitiba;PR;56.0;1893997.0;2015;9
2015-09-01;43,5;30,433333;24,260667;19,146667;49,641667;belo_horizonte;MG;451.0;2513451.0;2015;9
2015-09-01;99,9;30,82;23,109333;16,206667;58,633333;divinopolis;MG;23.0;232945.0;2015;9
2015-09-01;27,8;30,17;25,036667;21,906667;73,491667;vitoria;ES;273.0;359555.0;2015;9
2015-09-01;236,7;29,42;23,025333;18,626667;65,275;maringa;PR;154.0;403063.0;2015;9
2015-10-01;312,3;31,219355;24,899355;20,074194;70,362903;maringa;PR;193.0;403063.0;2015;10
2015-10-01;67,3;33,53871;25,657419;18,154839;50,548387;divinopolis;MG;21.0;232945.0;2015;10
2015-10-01;54,6;30,283871;25,703871;22,790323;72,177419;vitoria;ES;319.0;359555.0;2015;10
2015-10-01;10,6;29,558065;25,389677;22,303226;71,774194;rio_de_janeiro;RJ;480.0;6498837.0;2015;10
2015-10-01;246,7;23,8;18,413548;15,012903;85,451613;curitiba;PR;46.0;1893997.0;2015;10
2015-10-01;67,5;32,206452;25,528387;20,048387;47,701613;belo_horizonte;MG;405.0;2513451.0;2015;10
2015-11-01;369,6;29,06;23,872;20,183333;81,933333;maringa;PR;241.0;403063.0;2015;11
2015-11-01;134,5;31,776667;25,041333;19,956667;68,358333;divinopolis;MG;107.0;232945.0;2015;11
2015-11-01;184,3;30,623333;25,192667;20,396667;59,941667;belo_horizonte;MG;1115.0;2513451.0;2015;11
2015-11-01;241,2;24,23;19,222;16,313333;86,325;curitiba;PR;72.0;1893997.0;2015;11
2015-11-01;61,2;31,93;27,364667;24,506667;72,283333;vitoria;ES;673.0;359555.0;2015;11
2015-11-01;162,1;29,793333;25,992;23,36;77,383333;rio_de_janeiro;RJ;938.0;6498837.0;2015;11
2015-12-01;259,5;27,029032;21,768387;18,519355;81,201613;curitiba;PR;166.0;1893997.0;2015;12
2015-12-01;241,7;31,23871;24,349032;19,664516;71,685484;divinopolis;MG;74.0;232945.0;2015;12
2015-12-01;152,3;30,025806;24,507742;19,635484;62,669355;belo_horizonte;MG;2829.0;2513451.0;2015;12
2015-12-01;106,8;32,790323;28,122581;24,629032;68,83871;rio_de_janeiro;RJ;1543.0;6498837.0;2015;12
2015-12-01;327;29,374194;24,442581;21,032258;82,830645;maringa;PR;459.0;403063.0;2015;12
2015-12-01;87,8;32,725806;28,091613;25,180645;71,822581;vitoria;ES;1071.0;359555.0;2015;12
2016-01-01;405,8;29,154839;23,753548;19,819355;78,435484;divinopolis;MG;0.0;232945.0;2016;1
2016-01-01;309,7;31,219355;27,356129;24,403226;82,508065;fortaleza;CE;1303.0;2609716.0;2016;1
2016-01-01;164,3;26,996774;21,305806;17,745161;79,274194;curitiba;PR;2729.0;1893997.0;2016;1
2016-01-01;328,9;28,164516;23,503871;19,135484;71,459677;belo_horizonte;MG;21063.0;2513451.0;2016;1
2016-01-01;419,8;30,919355;25,627097;21,345161;73,120968;maringa;PR;2068.0;403063.0;2016;1
2016-01-01;171,6;31,054839;26,95871;24,174194;75,129032;rio_de_janeiro;RJ;2618.0;6498837.0;2016;1
2016-02-01;169,2;31,265517;27,451724;24,327586;82,198276;fortaleza;CE;1891.0;2609716.0;2016;2
2016-02-01;175,7;31,165517;25,346207;20,437931;58,163793;belo_horizonte;MG;49870.0;2513451.0;2016;2
2016-02-01;295,8;27,82069;22,302759;19,431034;82,103448;curitiba;PR;3736.0;1893997.0;2016;2
2016-02-01;187,4;32,444828;25,134483;19,531034;67,706897;divinopolis;MG;1.0;232945.0;2016;2
2016-02-01;118,3;34,244828;28,528276;25,058621;70,456897;rio_de_janeiro;RJ;3005.0;6498837.0;2016;2
2016-02-01;12,3;34,262069;28,922759;25,744828;69,568966;vitoria;ES;1052.0;359555.0;2016;2
2016-02-01;384,1;30,903448;25,211034;21,913793;81,862069;maringa;PR;3588.0;403063.0;2016;2
2016-03-01;280,9;30,7;24,141935;19,377419;72,306452;divinopolis;MG;2.0;232945.0;2016;3
2016-03-01;90;32,806452;28,098065;25,103226;74,943548;vitoria;ES;1029.0;359555.0;2016;3
2016-03-01;205;31,719355;27,673548;24,674194;74,475806;rio_de_janeiro;RJ;6901.0;6498837.0;2016;3
2016-03-01;101,7;30,509677;24,424516;19,916129;69,225806;maringa;PR;5728.0;403063.0;2016;3
2016-03-01;113,1;28,858065;24,087097;19,46129;64,483871;belo_horizonte;MG;54732.0;2513451.0;2016;3
2016-03-01;92,8;26,167742;20,734194;17,474194;79,782258;curitiba;PR;2707.0;1893997.0;2016;3
2016-03-01;265;32,154839;28,056129;24,606452;80,629032;fortaleza;CE;2177.0;2609716.0;2016;3
2016-04-01;25;32,466667;27,700667;24,493333;72,358333;vitoria;ES;654.0;359555.0;2016;4
2016-04-01;18,3;31,053333;23,349333;16,64;63,058333;divinopolis;MG;3.0;232945.0;2016;4
2016-04-01;142,7;27,563333;21,235333;16,968966;74,125;curitiba;PR;2049.0;1893997.0;2016;4
2016-04-01;411,3;31,183333;27,410667;23,966667;83,05;fortaleza;CE;5376.0;2609716.0;2016;4
2016-04-01;120,7;31,65;25,137333;20,34;58,525;maringa;PR;3810.0;403063.0;2016;4
2016-04-01;5,7;31,766667;27,33;24,066667;70;rio_de_janeiro;RJ;10844.0;6498837.0;2016;4
2016-04-01;26,2;28,923333;23,926;19,143333;57,225;belo_horizonte;MG;43194.0;2513451.0;2016;4
2016-05-01;53,5;27,316129;23,176129;20,051613;79,879032;rio_de_janeiro;RJ;5949.0;6498837.0;2016;5
2016-05-01;2,2;28,03871;20,131613;13,916129;70,669355;divinopolis;MG;0.0;232945.0;2016;5
2016-05-01;142,3;19,783871;15,077419;12,141935;85,403226;curitiba;PR;562.0;1893997.0;2016;5
2016-05-01;0;26,858065;21,403226;16,235484;60,870968;belo_horizonte;MG;18143.0;2513451.0;2016;5
2016-05-01;252,4;23,251613;18,513548;15,067742;79,403226;maringa;PR;830.0;403063.0;2016;5
2016-05-01;123,1;31,406452;27,543226;24,003226;80,556452;fortaleza;CE;12929.0;2609716.0;2016;5
2016-06-01;130,9;17,753333;11,842;7,903333;81,575;curitiba;PR;76.0;1893997.0;2016;6
2016-06-01;75,3;24,146667;19,039333;13,83;64,308333;belo_horizonte;MG;2419.0;2513451.0;2016;6
2016-06-01;77,9;25,466667;17,709333;11,61;72,75;divinopolis;MG;0.0;232945.0;2016;6
2016-06-01;72,7;26,69;22,496667;19,853333;78,258333;vitoria;ES;134.0;359555.0;2016;6
2016-06-01;30,3;31,763333;27,487333;23,89;76,15;fortaleza;CE;6693.0;2609716.0;2016;6
2016-06-01;81,7;24,193333;20,758667;18,196667;80,575;rio_de_janeiro;RJ;1771.0;6498837.0;2016;6
2016-06-01;78;22,226667;16,831333;12,886667;69,708333;maringa;PR;151.0;403063.0;2016;6
2016-07-01;78,9;27,474194;22,767097;20,06129;75,709677;vitoria;ES;123.0;359555.0;2016;7
2016-07-01;64,8;26,187097;19,436774;14,416129;58,153226;maringa;PR;148.0;403063.0;2016;7
2016-07-01;117,1;21,070968;14,134839;9,503226;75,620968;curitiba;PR;144.0;1893997.0;2016;7
2016-07-01;1,5;27,009677;22,313548;19,206452;71,416667;rio_de_janeiro;RJ;948.0;6498837.0;2016;7
2016-07-01;0;28,093548;18,555484;10,56129;59,322581;divinopolis;MG;0.0;232945.0;2016;7
2016-07-01;0;26,303226;20,187742;14,241935;52,370968;belo_horizonte;MG;724.0;2513451.0;2016;7
2016-08-01;144,4;26,86129;20,249032;15,483871;63,145161;maringa;PR;151.0;403063.0;2016;8
2016-08-01;3,7;29,575;20,63037;13,011111;51,777778;divinopolis;MG;0.0;232945.0;2016;8
2016-08-01;31,2;27,422581;22,774839;19,377419;67,854839;rio_de_janeiro;RJ;335.0;6498837.0;2016;8
2016-08-01;,4;27,570968;21,053548;14,693548;49,508065;belo_horizonte;MG;387.0;2513451.0;2016;8
2016-08-01;7,1;28,183871;23,465806;20,325806;73,91129;vitoria;ES;77.0;359555.0;2016;8
2016-08-01;172,3;21,283871;14,752903;10,225806;79,362903;curitiba;PR;84.0;1893997.0;2016;8
2016-08-01;9,7;31,729032;27,199355;23,822581;71,766129;fortaleza;CE;2620.0;2609716.0;2016;8
2016-09-01;9,8;31,743333;27,479333;24,563333;72,466667;fortaleza;CE;1619.0;2609716.0;2016;9
2016-09-01;23,9;31,863333;23,492667;15,546667;49,158333;divinopolis;MG;0.0;232945.0;2016;9
2016-09-01;95;22,436667;15,468;11,266667;75,483333;curitiba;PR;107.0;1893997.0;2016;9
2016-09-01;65,4;29,41;22,735333;16,263333;50,95;belo_horizonte;MG;89.0;2513451.0;2016;9
2016-09-01;123,2;27,25;23,241333;20,34;73,566667;rio_de_janeiro;RJ;200.0;6498837.0;2016;9
2016-09-01;33,1;28,603333;24,186667;21,223333;73,825;vitoria;ES;59.0;359555.0;2016;9
2016-09-01;39,4;28,126667;21,166;15,643333;57,258333;maringa;PR;208.0;403063.0;2016;9
2016-10-01;107,8;27,919355;24,204516;21,66129;77,467742;vitoria;ES;103.0;359555.0;2016;10
2016-10-01;138,6;29,580645;23,238065;18,067742;64,741935;maringa;PR;452.0;403063.0;2016;10
2016-10-01;77,9;31,074194;23,896774;18,119355;60,846774;divinopolis;MG;0.0;232945.0;2016;10
2016-10-01;50,4;28,109677;24,245161;21,396774;72,201613;rio_de_janeiro;RJ;240.0;6498837.0;2016;10
2016-10-01;70,7;28,983871;23,53871;19,570968;59,604839;belo_horizonte;MG;16.0;2513451.0;2016;10
2016-10-01;7,6;32,451613;27,966452;24,951613;73,483871;fortaleza;CE;1693.0;2609716.0;2016;10
2016-10-01;172,1;22,741935;17,042581;13,693548;82,758065;curitiba;PR;115.0;1893997.0;2016;10
2016-11-01;102,7;24,54;18,552;14,776667;79,675;curitiba;PR;151.0;1893997.0;2016;11
2016-11-01;227,1;28,588462;24,935385;22,406667;77,62931;vitoria;ES;119.0;359555.0;2016;11
2016-11-01;273;27,406667;22,656;19,866667;69,975;belo_horizonte;MG;41.0;2513451.0;2016;11
2016-11-01;185,4;28,993333;23,068;18,68;71,408333;divinopolis;MG;0.0;232945.0;2016;11
2016-11-01;167;28,766667;25,192667;22,313333;74,241667;rio_de_janeiro;RJ;353.0;6498837.0;2016;11
2016-11-01;7,8;32,566667;28,305333;25,62;74,266667;fortaleza;CE;1366.0;2609716.0;2016;11
2016-11-01;36,9;31,363333;25,021333;19,47;59,508333;maringa;PR;345.0;403063.0;2016;11
2016-12-01;244,6;28,674194;23,754839;20,274194;66,024194;belo_horizonte;MG;208.0;2513451.0;2016;12
2016-12-01;153,2;30,258065;24,037419;18,803226;68,153226;divinopolis;MG;0.0;232945.0;2016;12
2016-12-01;74,2;32,370968;28,22129;25,480645;75,846774;fortaleza;CE;1169.0;2609716.0;2016;12
2016-12-01;215,3;30,322581;24,736129;20,490323;74,362903;maringa;PR;378.0;403063.0;2016;12
2016-12-01;76;26,390323;21,148387;17,296774;77,048387;curitiba;PR;270.0;1893997.0;2016;12
2016-12-01;95,5;31,083871;26,717419;23,790323;77,266129;vitoria;ES;226.0;359555.0;2016;12
2017-01-01;338,6;30,716129;24,84;20,854839;77,959677;maringa;PR;412.0;403063.0;2017;1
2017-01-01;106,8;31,332258;27,683871;24,841935;78,854839;fortaleza;CE;2997.0;2609716.0;2017;1
2017-01-01;191,2;27,983871;22,008387;18,729032;80,508065;curitiba;PR;661.0;1893997.0;2017;1
2017-01-01;118,2;32,007407;25,619259;20,714815;62,287037;divinopolis;MG;17.0;232945.0;2017;1
2017-01-01;107;29,987097;25,010968;21,564516;58,548387;belo_horizonte;MG;2710.0;2513451.0;2017;1
2017-02-01;227,4;31,15;27,353571;24,603571;81,892857;fortaleza;CE;4840.0;2609716.0;2017;2
2017-02-01;149,3;32,525;26,285;21,85;70,214286;maringa;PR;359.0;403063.0;2017;2
2017-02-01;96;32,339286;27,63;24,564286;74,714286;vitoria;ES;130.0;359555.0;2017;2
2017-02-01;86,7;29,196429;22,783571;18,814286;76,821429;curitiba;PR;322.0;1893997.0;2017;2
2017-02-01;142,6;28,246429;23,627143;20,489286;65,5625;belo_horizonte;MG;1767.0;2513451.0;2017;2
2017-02-01;126,2;30,617857;24,420714;19,217857;65,866071;divinopolis;MG;26.0;232945.0;2017;2
2017-03-01;106,5;29,183871;24,015484;20,2;59,008065;belo_horizonte;MG;1622.0;2513451.0;2017;3
2017-03-01;477,9;30,306452;26,632258;23,903226;86,629032;fortaleza;CE;7377.0;2609716.0;2017;3
2017-03-01;40;25,358065;20,006452;17,096774;83,217742;curitiba;PR;190.0;1893997.0;2017;3
2017-03-01;161,2;30,796774;24,94;20,690323;70,443548;maringa;PR;424.0;403063.0;2017;3
2017-03-01;38,1;31,845161;27,104516;24,170968;72,645161;vitoria;ES;283.0;359555.0;2017;3
2017-03-01;108,1;30,829032;23,852258;17,958065;63,774194;divinopolis;MG;17.0;232945.0;2017;3
2017-04-01;346;30,97;27,238667;24,37;85,116667;fortaleza;CE;14666.0;2609716.0;2017;4
2017-04-01;64,6;29,803333;25,676667;22,846667;76,366667;vitoria;ES;199.0;359555.0;2017;4
2017-04-01;159,2;27,56;22,129333;17,98;73,008333;maringa;PR;352.0;403063.0;2017;4
2017-04-01;69;23,183333;17,738;14,633333;83,466667;curitiba;PR;173.0;1893997.0;2017;4
2017-04-01;47,7;29,47;22,636667;17,096667;66,875;divinopolis;MG;22.0;232945.0;2017;4
2017-04-01;51,6;27,43;22,666;19,426667;64,566667;belo_horizonte;MG;1254.0;2513451.0;2017;4
2017-05-01;25,1;27,151613;20,054839;14,251613;71,548387;divinopolis;MG;11.0;232945.0;2017;5
2017-05-01;136,7;31,364516;27,384516;24,593548;82,008065;fortaleza;CE;4269.0;2609716.0;2017;5
2017-05-01;20,8;25,683871;20,870323;17,403226;65,604839;belo_horizonte;MG;732.0;2513451.0;2017;5
2017-05-01;306,1;25,503226;21,043226;17,741935;79,540323;maringa;PR;188.0;403063.0;2017;5
2017-05-01;88,1;21,654839;16,796774;13,877419;86,032258;curitiba;PR;89.0;1893997.0;2017;5
2017-06-01;181,3;20,53;14,648667;10,853333;81,433333;curitiba;PR;43.0;1893997.0;2017;6
2017-06-01;17,1;27,107407;18,573333;11,637037;66,425926;divinopolis;MG;7.0;232945.0;2017;6
2017-06-01;133,6;28,2;23,699333;20,87;78,091667;vitoria;ES;130.0;359555.0;2017;6
2017-06-01;48;31,613333;27,384;24,166667;77,675;fortaleza;CE;1303.0;2609716.0;2017;6
2017-06-01;103;23,696667;18,484;14,773333;75;maringa;PR;126.0;403063.0;2017;6
2017-06-01;19,8;25,556667;20,291034;16,517241;61,208333;belo_horizonte;MG;464.0;2513451.0;2017;6
2017-07-01;,5;22,754839;17,803871;14,43871;56,887097;belo_horizonte;MG;299.0;2513451.0;2017;7
2017-07-01;7,8;20,877419;13,694194;9,012903;78,056452;curitiba;PR;53.0;1893997.0;2017;7
2017-07-01;0;24,890323;17,009677;9,658065;56,032258;divinopolis;MG;7.0;232945.0;2017;7
2017-07-01;0;24,954839;18,78129;14,264516;57;maringa;PR;146.0;403063.0;2017;7
2017-07-01;78,1;31,596774;26,593548;23,093548;75,419355;fortaleza;CE;915.0;2609716.0;2017;7
2017-07-01;195,8;25,345161;21,110323;18,393548;82,330645;vitoria;ES;93.0;359555.0;2017;7
2017-08-01;27;25,93871;21,737419;18,577419;74,782258;vitoria;ES;93.0;359555.0;2017;8
2017-08-01;0;27,356667;20,807333;15,93871;48,1;belo_horizonte;MG;330.0;2513451.0;2017;8
2017-08-01;142,9;27,403226;21,042581;16,235484;59,806452;maringa;PR;148.0;403063.0;2017;8
2017-08-01;92,9;21,480645;15,266452;11,635484;80,475806;curitiba;PR;51.0;1893997.0;2017;8
2017-08-01;1,5;31,56129;27,085806;23,712903;73,379032;fortaleza;CE;423.0;2609716.0;2017;8
2017-08-01;0;29,46129;20,252903;11,7;48,032258;divinopolis;MG;6.0;232945.0;2017;8
2017-09-01;33,2;32,513333;25,963333;20,87;43,608333;maringa;PR;253.0;403063.0;2017;9
2017-09-01;36,2;26,786667;19,067333;14,253333;72,016667;curitiba;PR;92.0;1893997.0;2017;9
2017-09-01;81,3;26,433333;22,677333;19,813333;77,658333;vitoria;ES;79.0;359555.0;2017;9
2017-09-01;7,4;32,023333;27,341333;23,93;70,8;fortaleza;CE;950.0;2609716.0;2017;9
2017-09-01;8;30,383333;22,233333;13,266667;40,458333;divinopolis;MG;16.0;232945.0;2017;9
2017-09-01;46,6;27,153333;21,056;16,463333;48,975;belo_horizonte;MG;532.0;2513451.0;2017;9
2017-10-01;10,7;32,067742;27,677419;24,629032;72,451613;fortaleza;CE;696.0;2609716.0;2017;10
2017-10-01;84,9;29,33871;25,050323;22,251613;75,620968;vitoria;ES;97.0;359555.0;2017;10
2017-10-01;311,9;29,387097;23,451613;18,541935;67,540323;maringa;PR;390.0;403063.0;2017;10
2017-10-01;148,2;30,235484;24,10129;19,622581;51,217742;belo_horizonte;MG;931.0;2513451.0;2017;10
2017-10-01;122,3;31,596774;24,333548;17,616129;53,83871;divinopolis;MG;33.0;232945.0;2017;10
2017-10-01;212,2;24,009677;18,152258;14,393548;80,629032;curitiba;PR;100.0;1893997.0;2017;10
2017-11-01;238,6;28,663333;23,047333;18,686667;69,116667;divinopolis;MG;20.0;232945.0;2017;11
2017-11-01;128;28,273333;24,570667;22,006667;78,55;vitoria;ES;82.0;359555.0;2017;11
2017-11-01;185,6;27,273333;22,488;19,16;67,566667;belo_horizonte;MG;760.0;2513451.0;2017;11
2017-11-01;132,9;29,653333;23,827333;18,81;66,158333;maringa;PR;310.0;403063.0;2017;11
2017-11-01;129,4;24,446667;18,588667;14,453333;76,116667;curitiba;PR;98.0;1893997.0;2017;11
2017-11-01;9,5;31,776667;27,745333;25,003333;72,925;fortaleza;CE;325.0;2609716.0;2017;11
2017-12-01;210,1;29,703226;25,225161;21,470968;73,701613;maringa;PR;399.0;403063.0;2017;12
2017-12-01;144,8;26,132258;20,642581;17,419355;80,75;curitiba;PR;162.0;1893997.0;2017;12
2017-12-01;330;28,154839;23,735484;20,422581;69,008065;belo_horizonte;MG;1090.0;2513451.0;2017;12
2017-12-01;209,1;30,048387;26,119355;23,364516;78,467742;vitoria;ES;91.0;359555.0;2017;12
2017-12-01;332,5;30,080645;24,048387;19,4;72,862903;divinopolis;MG;28.0;232945.0;2017;12
2017-12-01;20,7;31,954839;28,141935;25,596774;74,725806;fortaleza;CE;303.0;2609716.0;2017;12
2018-01-01;317;30,825;24,279231;19,107143;72,62963;divinopolis;MG;21.0;232945.0;2018;1
2018-01-01;166,5;29,783871;24,590968;20,593548;59,459677;belo_horizonte;MG;1247.0;2513451.0;2018;1
2018-01-01;151,6;31,535484;27,60129;24,496774;77,620968;fortaleza;CE;469.0;2609716.0;2018;1
2018-01-01;371,9;26,341935;20,91871;17,867742;81,112903;curitiba;PR;212.0;1893997.0;2018;1
2018-01-01;357,7;29,541935;24,298065;20,819355;79,233871;maringa;PR;246.0;403063.0;2018;1
2018-02-01;154,3;29,571429;23,59;19,232143;79,821429;divinopolis;MG;16.0;232945.0;2018;2
2018-02-01;213,1;27,557143;23,218571;20,285714;71,910714;belo_horizonte;MG;922.0;2513451.0;2018;2
2018-02-01;201,5;30,910714;26,601429;23,9;80,116071;vitoria;ES;125.0;359555.0;2018;2
2018-02-01;88,7;29,507143;24,395714;20,110714;69,848214;maringa;PR;195.0;403063.0;2018;2
2018-02-01;229,5;30,432143;26,767857;24,075;83,446429;fortaleza;CE;543.0;2609716.0;2018;2
2018-02-01;96,8;25,617857;20,037857;16,571429;79,723214;curitiba;PR;159.0;1893997.0;2018;2
2018-03-01;228,8;31,119355;25,532258;21,567742;76,427419;maringa;PR;148.0;403063.0;2018;3
2018-03-01;391,3;29,26129;24,091613;20,648387;68,209677;belo_horizonte;MG;889.0;2513451.0;2018;3
2018-03-01;155,8;31,087097;24,492903;19,403226;71,975806;divinopolis;MG;19.0;232945.0;2018;3
2018-03-01;277,4;31,277419;27,576774;24,535484;80,612903;fortaleza;CE;778.0;2609716.0;2018;3
2018-03-01;327,6;27,283871;21,495484;18,454839;82,83871;curitiba;PR;98.0;1893997.0;2018;3
2018-04-01;23,2;25,943333;19,415333;15,526667;78,15;curitiba;PR;102.0;1893997.0;2018;4
2018-04-01;13,4;26,786667;22,163333;19,126667;63,191667;belo_horizonte;MG;799.0;2513451.0;2018;4
2018-04-01;26,7;29,776667;24,202;19,716667;63,283333;maringa;PR;172.0;403063.0;2018;4
2018-04-01;3;28,713333;21,944667;16,26;67,025;divinopolis;MG;21.0;232945.0;2018;4
2018-04-01;371,6;29,49;25,182667;22,233333;81,075;vitoria;ES;182.0;359555.0;2018;4
2018-04-01;185,8;31,193333;26,874;23,766667;82,558333;fortaleza;CE;1546.0;2609716.0;2018;4
2018-05-01;19;25,73871;20,460645;16,906452;60,491935;belo_horizonte;MG;406.0;2513451.0;2018;5
2018-05-01;24,4;27,393548;19,017419;11,948387;65,629032;divinopolis;MG;8.0;232945.0;2018;5
2018-05-01;217,1;31,183871;26,986452;23,983871;80,483871;fortaleza;CE;527.0;2609716.0;2018;5
2018-05-01;49,8;26,932258;21,013548;16,506452;64,645161;maringa;PR;105.0;403063.0;2018;5
2018-05-01;27,4;22,889286;16,948571;13,525;85,607143;curitiba;PR;46.0;1893997.0;2018;5
2018-05-01;200,8;27,790323;23,707097;20,890323;80,435484;vitoria;ES;196.0;359555.0;2018;5
2018-06-01;148,3;27,69;23,438667;20,713333;79,766667;vitoria;ES;175.0;359555.0;2018;6
2018-06-01;66,7;24,53;19,343333;15,7;73,258333;maringa;PR;55.0;403063.0;2018;6
2018-06-01;10,1;27,27;19,178667;12,65;69,133333;divinopolis;MG;9.0;232945.0;2018;6
2018-06-01;51,2;30,973333;26,606;23,23;76,858333;fortaleza;CE;330.0;2609716.0;2018;6
2018-06-01;0;25,646667;20,596;16,963333;60,325;belo_horizonte;MG;333.0;2513451.0;2018;6
2018-07-01;3,1;26,093548;20,129032;15,532258;54,475806;belo_horizonte;MG;347.0;2513451.0;2018;7
2018-07-01;9,4;28,316129;23,428387;20,090323;75,758065;vitoria;ES;173.0;359555.0;2018;7
2018-07-01;6,1;27,590323;20,899355;15,854839;53,322581;maringa;PR;91.0;403063.0;2018;7
2018-07-01;0;27,907143;18,423571;10,189286;56,160714;divinopolis;MG;11.0;232945.0;2018;7
2018-07-01;197,4;30,848387;26,403226;23,151613;76,16129;fortaleza;CE;329.0;2609716.0;2018;7
2018-08-01;21;31,209677;26,812903;23,754839;74,314516;fortaleza;CE;206.0;2609716.0;2018;8
2018-08-01;92,1;26,383871;22,637419;20,019355;80,685484;vitoria;ES;142.0;359555.0;2018;8
2018-08-01;39,7;25,745161;20,311613;16,329032;59,645161;belo_horizonte;MG;278.0;2513451.0;2018;8
2018-08-01;257,1;24,474194;18,478065;13,932258;66,362903;maringa;PR;57.0;403063.0;2018;8
2018-08-01;48;27,255556;19,668148;13,507407;62,314815;divinopolis;MG;7.0;232945.0;2018;8
2018-09-01;39,7;28,163333;24,098;21,37;74,991667;vitoria;ES;137.0;359555.0;2018;9
2018-09-01;143,5;28,183333;21,928667;17,073333;65,408333;maringa;PR;84.0;403063.0;2018;9
2018-09-01;44,4;28,103333;22,289333;17,936667;57,275;belo_horizonte;MG;462.0;2513451.0;2018;9
2018-09-01;5,4;31,85;27,229333;24,11;72,408333;fortaleza;CE;177.0;2609716.0;2018;9
2018-09-01;47,9;30,316667;22,176667;15,34;58;divinopolis;MG;14.0;232945.0;2018;9
2018-10-01;179,8;28,56129;24,656774;22,154839;78,241935;vitoria;ES;119.0;359555.0;2018;10
2018-10-01;135,9;30,641935;23,986452;18,854839;67,443548;divinopolis;MG;4.0;232945.0;2018;10
2018-10-01;319,3;28,419355;23,105161;19,048387;75,33871;maringa;PR;69.0;403063.0;2018;10
2018-10-01;6,3;31,948387;27,723871;24,951613;72,193548;fortaleza;CE;120.0;2609716.0;2018;10
2018-10-01;187,1;29,164516;23,469032;19,358065;64,774194;belo_horizonte;MG;483.0;2513451.0;2018;10
2018-11-01;260,6;26,953333;22,401333;18,476667;67,566667;belo_horizonte;MG;568.0;2513451.0;2018;11
2018-11-01;337,3;27,88;22,611333;18,046667;74,666667;divinopolis;MG;7.0;232945.0;2018;11
2018-11-01;197,9;29,836667;24,452;19,48;68,258333;maringa;PR;88.0;403063.0;2018;11
2018-11-01;3,3;32,523333;28,292;25,643333;72,358333;fortaleza;CE;131.0;2609716.0;2018;11
2018-11-01;144,9;29,146667;25,312;22,576667;80,891667;vitoria;ES;110.0;359555.0;2018;11
2018-12-01;142,4;31,893548;26,133548;21,554839;63,935484;maringa;PR;180.0;403063.0;2018;12
2018-12-01;197,3;31,674194;27,567097;24,632258;78,903226;fortaleza;CE;148.0;2609716.0;2018;12
2018-12-01;282,8;29,093548;23,685806;19,190323;67,177419;belo_horizonte;MG;1051.0;2513451.0;2018;12
2018-12-01;114,5;29,09;22,348667;17,88;70,098214;curitiba;PR;74.0;1893997.0;2018;12
2018-12-01;169,4;30,93871;26,511613;23,554839;77;vitoria;ES;117.0;359555.0;2018;12
2018-12-01;198,8;31,029032;24,06;18,819355;70,008065;divinopolis;MG;12.0;232945.0;2018;12
2019-01-01;88,6;30,906452;25,480645;20,696774;55,524194;belo_horizonte;MG;1462.0;2513451.0;2019;1
2019-01-01;201,4;32,548387;26,848387;22,432258;70,112903;maringa;PR;153.0;403063.0;2019;1
2019-01-01;120,6;32,996552;25,69931;19,786207;61,34375;divinopolis;MG;58.0;232945.0;2019;1
2019-01-01;210,2;31,193548;27,481935;24,709677;81,572581;fortaleza;CE;416.0;2609716.0;2019;1
2019-01-01;190,6;30,254839;24,083226;19,829032;74,16129;curitiba;PR;173.0;1893997.0;2019;1
2019-02-01;129,1;31,721429;25,825714;21,417857;69,241071;maringa;PR;258.0;403063.0;2019;2
2019-02-01;319,3;31,053571;27,147143;24,478571;84,982143;fortaleza;CE;469.0;2609716.0;2019;2
2019-02-01;301,2;26,457143;21,192143;17,921429;80,901786;curitiba;PR;209.0;1893997.0;2019;2
2019-02-01;141,4;34,021429;28,657857;25,214286;75,517857;vitoria;ES;354.0;359555.0;2019;2
2019-02-01;223;30,139286;24,651429;19,985714;65,473214;belo_horizonte;MG;3217.0;2513451.0;2019;2
2019-02-01;373,2;31,075;24,413571;19,360714;73,267857;divinopolis;MG;169.0;232945.0;2019;2
2019-03-01;397,6;30,303226;26,353548;23,806452;90,177419;fortaleza;CE;1642.0;2609716.0;2019;3
2019-03-01;197,8;30,341935;24,884516;20,832258;72,112903;maringa;PR;750.0;403063.0;2019;3
2019-03-01;67,4;26,009677;20,576774;17,283871;81,959677;curitiba;PR;318.0;1893997.0;2019;3
2019-03-01;156,4;30,493548;23,676129;18,825806;73,322581;divinopolis;MG;399.0;232945.0;2019;3
2019-03-01;135,9;29,225806;24,071613;19,435484;66,379032;belo_horizonte;MG;18848.0;2513451.0;2019;3
2019-03-01;75,3;32,680645;28,181935;25,264516;74,862903;vitoria;ES;873.0;359555.0;2019;3
2019-04-01;194,2;31,69;27,342;24,436667;77,775;vitoria;ES;1017.0;359555.0;2019;4
2019-04-01;119,3;25,433333;19,941333;16,35;81,491667;curitiba;PR;172.0;1893997.0;2019;4
2019-04-01;60,1;29,216667;24,099333;20;70,441667;maringa;PR;1345.0;403063.0;2019;4
2019-04-01;84,5;28,796667;23,609333;19,08;66,6;belo_horizonte;MG;46272.0;2513451.0;2019;4
2019-04-01;430,4;30,426667;26,698667;24,05;87,908333;fortaleza;CE;1897.0;2609716.0;2019;4
2019-04-01;89,4;30,043333;23,088667;17,986667;75,85;divinopolis;MG;1156.0;232945.0;2019;4
2019-05-01;68,3;26,845161;21,496129;17,612903;75,241935;maringa;PR;1641.0;403063.0;2019;5
2019-05-01;206;22,76129;17,793548;14,758065;85,225806;curitiba;PR;159.0;1893997.0;2019;5
2019-05-01;18,5;28,5;20,893548;15,032258;75,177419;divinopolis;MG;1892.0;232945.0;2019;5
2019-05-01;353,4;31,106452;27,126667;24,193548;84,572581;fortaleza;CE;1302.0;2609716.0;2019;5
2019-05-01;43,2;27,551613;22,259355;17,412903;65,766129;belo_horizonte;MG;53212.0;2513451.0;2019;5
2019-06-01;17;27,09;18,438;11,546667;66,866667;divinopolis;MG;700.0;232945.0;2019;6
2019-06-01;92,5;26,7;21,072;17,036667;65,175;maringa;PR;971.0;403063.0;2019;6
2019-06-01;146,1;30,728;26,7448;23,664;80,125;fortaleza;CE;1100.0;2609716.0;2019;6
2019-06-01;12,1;25,62;19,954;14,8;60,183333;belo_horizonte;MG;18711.0;2513451.0;2019;6
2019-06-01;123,1;22,51;16,288667;11,836667;80,175;curitiba;PR;121.0;1893997.0;2019;6
2019-06-01;29,2;28,776667;24,176;21,33;78,391667;vitoria;ES;1698.0;359555.0;2019;6
2019-07-01;0;25,245161;19,196129;14,474194;51,798387;belo_horizonte;MG;2063.0;2513451.0;2019;7
2019-07-01;49,5;30,792593;26,537692;23,340741;78,15;fortaleza;CE;832.0;2609716.0;2019;7
2019-07-01;12,4;21,267742;14,499355;9,496774;75,782258;curitiba;PR;99.0;1893997.0;2019;7
2019-07-01;34,3;25,374194;19,110968;14,46129;60,75;maringa;PR;302.0;403063.0;2019;7
2019-07-01;66,1;27,596774;22,532258;18,948387;74,524194;vitoria;ES;734.0;359555.0;2019;7
2019-08-01;58,5;26,551613;22,256129;19,280645;78,008065;vitoria;ES;386.0;359555.0;2019;8
2019-08-01;35,5;21,654839;14,778065;10,254839;77,5;curitiba;PR;51.0;1893997.0;2019;8
2019-08-01;0;28,980645;20,038065;12,480645;55,427419;divinopolis;MG;17.0;232945.0;2019;8
2019-08-01;,2;28,116129;21,16;15,641935;52,040323;maringa;PR;203.0;403063.0;2019;8
2019-08-01;,1;26,745161;20,666452;16,070968;54,379032;belo_horizonte;MG;672.0;2513451.0;2019;8
2019-08-01;18,7;31,277778;26,647407;23,225926;73;fortaleza;CE;682.0;2609716.0;2019;8
2019-09-01;21,1;29,973333;23,665333;18,736667;51,791667;belo_horizonte;MG;641.0;2513451.0;2019;9
2019-09-01;92,2;28,406667;24,08;21,393333;75,733333;vitoria;ES;315.0;359555.0;2019;9
2019-09-01;66,6;30,933333;24,364;19,303333;56,466667;maringa;PR;238.0;403063.0;2019;9
2019-09-01;8,9;31,428;27,1528;24,358333;73,36;fortaleza;CE;721.0;2609716.0;2019;9
2019-09-01;50,3;32,71;23,981333;16,153333;49,491667;divinopolis;MG;16.0;232945.0;2019;9
2019-10-01;90,8;32,377419;24,613548;17,903226;54,516129;divinopolis;MG;16.0;232945.0;2019;10
2019-10-01;9,1;31,874074;27,47037;24,503704;71,925926;fortaleza;CE;344.0;2609716.0;2019;10
2019-10-01;119,2;33,2;26,429677;20,832258;55,427419;maringa;PR;234.0;403063.0;2019;10
2019-10-01;71,1;30,909677;24,369032;19,235484;51,774194;belo_horizonte;MG;485.0;2513451.0;2019;10
2019-10-01;35,9;29,370968;25,299355;22,416129;75,080645;vitoria;ES;285.0;359555.0;2019;10
2019-11-01;78;31,826667;25,882667;20,823333;61,391667;maringa;PR;296.0;403063.0;2019;11
2019-11-01;151,3;30,196667;23,788667;19,303333;72,1;divinopolis;MG;17.0;232945.0;2019;11
2019-11-01;189,8;29,34;23,629333;19,46;67,816667;belo_horizonte;MG;556.0;2513451.0;2019;11
2019-11-01;480,6;29,26;25,322667;22,726667;80,966667;vitoria;ES;317.0;359555.0;2019;11
2019-11-01;2,8;32,45;28,136154;25,361538;72,615385;fortaleza;CE;352.0;2609716.0;2019;11
2019-12-01;303,7;30,593548;24,144516;19,306452;70,895161;divinopolis;MG;7.0;232945.0;2019;12
2019-12-01;377;29,616129;24,667097;20,348387;74,072581;maringa;PR;511.0;403063.0;2019;12
2019-12-01;215,7;30,693548;26,520667;23,76129;78,193548;vitoria;ES;279.0;359555.0;2019;12
2019-12-01;128,5;28,858065;23,613548;19,274194;67,298387;belo_horizonte;MG;856.0;2513451.0;2019;12
2020-01-01;170;30,003226;25,233548;21,283871;74,580645;maringa;PR;1778.0;403063.0;2020;1
2020-01-01;934,7;29,516129;24,048387;19,687097;74,233871;belo_horizonte;MG;1133.0;2513451.0;2020;1
2020-01-01;268,2;31,541935;27,03871;24,190323;77,943548;vitoria;ES;0.0;359555.0;2020;1
2020-01-01;186,2;31,288889;27,668148;25,007407;81,037037;fortaleza;CE;856.0;2609716.0;2020;1
2020-02-01;345,4;30,888;27,2592;24,48;84,76;fortaleza;CE;2330.0;2686612.0;2020;2
2020-02-01;391,8;28,475862;23,444138;19,055172;73,810345;belo_horizonte;MG;29.0;2513451.0;2020;2
2020-02-01;115,1;31,92069;27,417241;24,672414;78,172414;vitoria;ES;0.0;359555.0;2020;2
2020-02-01;323,1;29,796552;23,735862;19,917241;77,741379;divinopolis;MG;0.0;232945.0;2020;2
2020-02-01;171;30,986207;25,310345;20,748276;69,672414;maringa;PR;24.0;403063.0;2020;2
2020-03-01;110,4;29,33871;22,942;18,216129;73,508065;divinopolis;MG;123.0;240408.0;2020;3
2020-03-01;296,8;27,393548;22,401333;18,083871;70,282258;belo_horizonte;MG;2405.0;2521564.0;2020;3
2020-03-01;306,2;31,303846;27,38;24,65;85,769231;fortaleza;CE;2605.0;2686612.0;2020;3
2020-03-01;36,6;31,445161;25,41871;20,13871;58,048387;maringa;PR;1015.0;430157.0;2020;3
2020-04-01;63,8;28,673333;21,842;16,7;73,725;divinopolis;MG;184.0;240408.0;2020;4
2020-04-01;97,5;27,18;21,917333;17,45;69,325;belo_horizonte;MG;2783.0;2521564.0;2020;4
2020-04-01;38,2;28,956667;22,667333;17,51;58,275;maringa;PR;1824.0;430157.0;2020;4
2020-04-01;393,5;31,542308;27,316923;24,373077;87,269231;fortaleza;CE;2109.0;2686612.0;2020;4
2020-05-01;61,3;25,790323;19,440645;14,445161;62,822581;maringa;PR;831.0;430157.0;2020;5
2020-05-01;234,1;31,315385;27,296923;24,376923;84,115385;fortaleza;CE;1797.0;2686612.0;2020;5
2020-06-01;0;26,99;18,596;11,736667;71,016667;divinopolis;MG;63.0;240408.0;2020;6
2020-06-01;74,1;30,74;26,755;23,876;82,653846;fortaleza;CE;1780.0;2686612.0;2020;6
2020-06-01;160,2;25,937931;20,404;16,456667;73,325;maringa;PR;147.0;430157.0;2020;6
2020-06-01;,8;25,773333;20,278;15,866667;60,366667;belo_horizonte;MG;1764.0;2521564.0;2020;6
2020-07-01;26,2;26,212903;19,768387;15,16129;62,556452;maringa;PR;99.0;430157.0;2020;7
2020-07-01;60,8;30,785185;26,348148;23,096296;76,5;fortaleza;CE;1389.0;2686612.0;2020;7
2020-07-01;5,3;25,919355;20,252258;15,941935;59,822581;belo_horizonte;MG;1105.0;2521564.0;2020;7
2020-07-01;0;27,964516;19,236129;11,496774;61,814516;divinopolis;MG;38.0;240408.0;2020;7
2020-08-01;11,5;25,541935;19,698065;15,074194;57,209677;belo_horizonte;MG;828.0;2521564.0;2020;8
2020-08-01;,4;31,548;26,7856;23,315385;72,44;fortaleza;CE;1097.0;2686612.0;2020;8
2020-08-01;11,9;27,635484;19,39871;11,354839;56,08871;divinopolis;MG;47.0;240408.0;2020;8
2020-08-01;186,8;26,451613;20,392258;15,635484;58,875;maringa;PR;75.0;430157.0;2020;8
2020-09-01;10,6;32,976667;26,051333;20,396667;45,948276;maringa;PR;74.0;430157.0;2020;9
2020-09-01;5,3;31,665385;27,229231;24,238462;68,653846;fortaleza;CE;517.0;2686612.0;2020;9
2020-09-01;13;32,2;23,594667;14,56;45,683333;divinopolis;MG;31.0;240408.0;2020;9
2020-09-01;11,6;30,52;23,996667;18,686667;45,766667;belo_horizonte;MG;593.0;2521564.0;2020;9
2020-10-01;123;29,164516;23,472;19,276667;63,475806;belo_horizonte;MG;556.0;2521564.0;2020;10
2020-10-01;15,9;32,151852;27,861481;24,881481;72,62963;fortaleza;CE;344.0;2686612.0;2020;10
2020-10-01;98,1;31,187097;24,222069;18,76;62,580645;divinopolis;MG;29.0;240408.0;2020;10
2020-10-01;155,8;32,719355;25,832903;20,077419;54,177419;maringa;PR;114.0;430157.0;2020;10
2020-11-01;16,1;32,275;28,3125;25,576;74,833333;fortaleza;CE;449.0;2686612.0;2020;11
2020-12-01;200,4;30,277419;24,016129;19,522581;72,782258;divinopolis;MG;7.0;240408.0;2020;12
2020-12-01;208,5;30,46129;25,110323;20,922581;71,096774;maringa;PR;42.0;430157.0;2020;12
2020-12-01;278,1;28,803226;23,740645;19,609677;67,733871;belo_horizonte;MG;504.0;2521564.0;2020;12
2021-01-01;371,5;28,909677;24,518065;21,380645;80,064516;maringa;PR;184.0;430157.0;2021;1
2021-01-01;115,2;31,652;27,8112;25,415385;78,88;fortaleza;CE;565.0;2686612.0;2021;1
2021-01-01;309,9;29,754839;24,179355;20,232258;61,854839;belo_horizonte;MG;1349.0;2521564.0;2021;1
2021-02-01;221,6;29,933333;23,431852;19,374074;75,131579;divinopolis;MG;42.0;240408.0;2021;2
2021-02-01;431,9;27,975;23,047143;19,825;72,839286;belo_horizonte;MG;1054.0;2521564.0;2021;2
2021-02-01;13,3;30,478571;24,880714;20,035714;63,111111;maringa;PR;374.0;430157.0;2021;2
2021-03-01;84,8;30,945161;23,912903;18,219355;67,943548;divinopolis;MG;50.0;240408.0;2021;3
2021-03-01;336,2;30,562963;26,946154;23,962963;86,222222;fortaleza;CE;871.0;2686612.0;2021;3
2021-03-01;113,1;29,290323;23,932258;20,025806;64,064516;belo_horizonte;MG;1109.0;2521564.0;2021;3
2021-03-01;145,2;31,729032;25,485161;20,832258;65,6;maringa;PR;414.0;430157.0;2021;3
2021-04-01;6,1;28;22,359333;18,04;58,6;belo_horizonte;MG;689.0;2521564.0;2021;4
2021-04-01;109,1;31,891667;27,7075;24,441667;82,291667;fortaleza;CE;1539.0;2686612.0;2021;4
2021-04-01;3,1;29,11;24,131111;17,866667;56,327586;maringa;PR;693.0;430157.0;2021;4
2021-04-01;0;29,68;21,714444;14,496667;61,616667;divinopolis;MG;48.0;240408.0;2021;4
